,project,gitPath,CommitID,Deleted CommitID,LatestDockerfile,Comment,CommitDate,DeleteComment,(File) FirstCommit,(File) Deleted,firstCommitからコメント追加までの日数,コメント追加からコメント削除までの日数,追加時ファイル,削除時ファイル,(origin)追加時ファイル,(origin)SATD
148,"docker
docker-ce",https://github.com/docker/docker-ce,736b960e2df15e35aca9abec3ef6a9bc64ead7b3,5e4f4153669d1dbd07f53a9267d5d8677c107b51,components/engine/hack/infrastructure/docker-ci/nightlyrelease/Dockerfile,#### FIXME. Temporarily install docker with proper apparmor handling,2013/10/11 10:29,2013/11/02 05:55,2013/10/11 10:29,2014/03/11 05:20,0 days 00:00:00.000000000,"21 days, 19:26:00",https://github.com/docker/docker-ce/commit/736b960e2df15e35aca9abec3ef6a9bc64ead7b3#diff-3a9df4f644d888a7f84918b1a8e506fa398a292e1a588e21ed6944568c31986fR26,https://github.com/docker/docker-ce/commit/5e4f4153669d1dbd07f53a9267d5d8677c107b51#diff-9b262e6d752e1b0212e6d6dba160967794c01f5ae9d09318e83a9dadd49cdd45L26,,
104,"moby
moby",https://github.com/moby/moby,6e3068700fb32299cf733acd74785e29609b1974,31638ab2ad2a5380d447780f05f7aa078c9421f5,hack/infrastructure/docker-ci/nightlyrelease/Dockerfile,#### FIXME. Temporarily install docker with proper apparmor handling,2013/10/11 10:29,2013/11/02 05:55,2013/10/11 10:29,2014/03/11 05:20,0 days 00:00:00.000000000,"21 days, 19:26:00",https://github.com/moby/moby/commit/6e3068700fb32299cf733acd74785e29609b1974#diff-4467e3db1b818ea16aec663fe4216732c13cf768b8fe85574a0bbc1390daf6d5R26,https://github.com/moby/moby/commit/31638ab2ad2a5380d447780f05f7aa078c9421f5#diff-622802fcaf6b80ac41515339a5a4cab097a4d47cd0fe42755758dfe6876b0418L26,,
374,"tianon
dockerfiles",https://github.com/tianon/dockerfiles,a5d820803f01e2582d45be1b00a2808ede979951,a9323cfaaa5f50ad3c2ab16fb96f98d2e8a237eb,xen-orchestra/Dockerfile,# TODO see note above about redis,2013/11/02 14:34,2014/06/17 08:38,2013/11/02 14:34,,0 days 00:00:00.000000000,"226 days, 18:04:00",https://github.com/tianon/dockerfiles/commit/a5d820803f01e2582d45be1b00a2808ede979951#diff-a5e1353d38c06f94505567e04562484f8d4ebba72f2904624e551fe8a98fe89bR21,https://github.com/tianon/dockerfiles/commit/a9323cfaaa5f50ad3c2ab16fb96f98d2e8a237eb#diff-a5e1353d38c06f94505567e04562484f8d4ebba72f2904624e551fe8a98fe89bL20,,
373,"tianon
dockerfiles",https://github.com/tianon/dockerfiles,a5d820803f01e2582d45be1b00a2808ede979951,a9323cfaaa5f50ad3c2ab16fb96f98d2e8a237eb,xen-orchestra/Dockerfile,# TODO use links to get a redis server/database instead (since that's where configuration actually goes),2013/11/02 14:34,2014/06/17 08:38,2013/11/02 14:34,,0 days 00:00:00.000000000,"226 days, 18:04:00",https://github.com/tianon/dockerfiles/commit/a5d820803f01e2582d45be1b00a2808ede979951#diff-a5e1353d38c06f94505567e04562484f8d4ebba72f2904624e551fe8a98fe89bR18,https://github.com/tianon/dockerfiles/commit/a9323cfaaa5f50ad3c2ab16fb96f98d2e8a237eb#diff-a5e1353d38c06f94505567e04562484f8d4ebba72f2904624e551fe8a98fe89bL17,,
119,"docker
docker-ce",https://github.com/docker/docker-ce,a7fc58e1eb11c1f9c94348203647b59eff438fdf,df82456ed97e08ffa192c1f821acd9315295e7da,components/engine/Dockerfile,# TODO add linux/386 and linux/arm,2013/12/20 03:33,2014/02/01 04:48,2013/07/09 13:30,,163 days 14:03:00.000000000,"43 days, 1:15:00",https://github.com/docker/docker-ce/commit/a7fc58e1eb11c1f9c94348203647b59eff438fdf#diff-a3e40a36d8a31c3425a6c7002b217d41d51782bd42bddb2471e89c082fdd4185R46,https://github.com/docker/docker-ce/commit/df82456ed97e08ffa192c1f821acd9315295e7da#diff-a3e40a36d8a31c3425a6c7002b217d41d51782bd42bddb2471e89c082fdd4185L72,,
69,"moby
moby",https://github.com/moby/moby,62a81370fffb3cfdb15ef19702f0ea07ab2f4c36,523341d994265b9f72e4869f0fd094fd15f1b480,Dockerfile,# TODO add linux/386 and linux/arm,2013/12/20 03:33,2014/02/01 04:48,2013/07/09 13:30,,163 days 14:03:00.000000000,"43 days, 1:15:00",https://github.com/moby/moby/commit/62a81370fffb3cfdb15ef19702f0ea07ab2f4c36#diff-dd2c0eb6ea5cfc6c4bd4eac30934e2d5746747af48fef6da689e85b752f39557R46,https://github.com/moby/moby/commit/523341d994265b9f72e4869f0fd094fd15f1b480#diff-dd2c0eb6ea5cfc6c4bd4eac30934e2d5746747af48fef6da689e85b752f39557L72,,
120,"docker
docker-ce",https://github.com/docker/docker-ce,5ca82c401df8f0d035205702e2b6848d6afa3910,d41faf6fe1177b1ca296d996242f1d5ac854955c,components/engine/Dockerfile,# TODO replace FPM with some very minimal debhelper stuff,2013/12/30 15:27,2015/11/13 02:51,2013/07/09 13:30,,174 days 01:57:00.000000000,"682 days, 11:24:00",https://github.com/docker/docker-ce/commit/5ca82c401df8f0d035205702e2b6848d6afa3910#diff-a3e40a36d8a31c3425a6c7002b217d41d51782bd42bddb2471e89c082fdd4185R74,https://github.com/docker/docker-ce/commit/d41faf6fe1177b1ca296d996242f1d5ac854955c#diff-a3e40a36d8a31c3425a6c7002b217d41d51782bd42bddb2471e89c082fdd4185L110,,
70,"moby
moby",https://github.com/moby/moby,484a75f3549239d0489cb0ad518d79ed6783584a,8b9856dbd7a1981aaa76fcf0fc10b37d1141c9af,Dockerfile,# TODO replace FPM with some very minimal debhelper stuff,2013/12/30 15:27,2015/11/13 02:51,2013/07/09 13:30,,174 days 01:57:00.000000000,"682 days, 11:24:00",https://github.com/moby/moby/commit/484a75f3549239d0489cb0ad518d79ed6783584a#diff-dd2c0eb6ea5cfc6c4bd4eac30934e2d5746747af48fef6da689e85b752f39557R74,https://github.com/moby/moby/commit/8b9856dbd7a1981aaa76fcf0fc10b37d1141c9af#diff-dd2c0eb6ea5cfc6c4bd4eac30934e2d5746747af48fef6da689e85b752f39557L110,,
98,"moby
moby",https://github.com/moby/moby,eaa9c85511620aa82f1876e1503604f591f00d23,936a03bfddb24cd45f5f12c20a961bf2ae6ede93,docs/Dockerfile,# TODO switch to http://packages.ubuntu.com/trusty/python-sphinxcontrib-httpdomain once trusty is released,2014/01/15 11:23,2014/04/16 09:02,2013/08/30 09:13,2016/10/15 06:12,138 days 02:10:00.000000000,"90 days, 21:39:00",https://github.com/moby/moby/commit/eaa9c85511620aa82f1876e1503604f591f00d23#diff-325270e473e459d8ec894acac997d6558e54f0a9a51de491e81375ab58900de3R7,https://github.com/moby/moby/commit/936a03bfddb24cd45f5f12c20a961bf2ae6ede93#diff-325270e473e459d8ec894acac997d6558e54f0a9a51de491e81375ab58900de3L7,,
155,"docker
docker-ce",https://github.com/docker/docker-ce,0f4b49bea82d2dc2fb6004befdde9f1d380cb527,0bb55ea3f447eb4d411403e0be9a7efecda62087,components/engine/docs/Dockerfile,# TODO switch to http://packages.ubuntu.com/trusty/python-sphinxcontrib-httpdomain once trusty is released,2014/01/15 11:23,2014/04/16 09:02,2013/08/30 09:13,2016/10/15 06:12,138 days 02:10:00.000000000,"90 days, 21:39:00",https://github.com/docker/docker-ce/commit/0f4b49bea82d2dc2fb6004befdde9f1d380cb527#diff-6352245088f20ce067ab25e62a0adda0063e8f8253039791b323a755281cf9f4R7,https://github.com/docker/docker-ce/commit/0bb55ea3f447eb4d411403e0be9a7efecda62087#diff-6352245088f20ce067ab25e62a0adda0063e8f8253039791b323a755281cf9f4L7,,
361,"tianon
dockerfiles",https://github.com/tianon/dockerfiles,2e37f527a42e05e8b9e62a84ec34355edae69e47,d6d435479900274e105bdfdf2792c26c989f05f6,ruby-passenger/Dockerfile,"# TODO find a clean way to do this here in such a way that gems like rmagick can install cleanly without first installing libmagickcore-dev
#ONBUILD ADD Gemfile /apps/rails/Gemfile
#ONBUILD ADD Gemfile.lock /apps/rails/Gemfile.lock
#ONBUILD RUN cd /apps/rails && bundle install --deployment
#ONBUILD ADD . /apps/rails
#ONBUILD RUN chown -R www-data:www-data /apps/rails",2014/03/29 08:19,2014/10/22 01:38,2014/03/29 08:19,2019/09/14 06:33,0 days 00:00:00.000000000,"206 days, 17:19:00",https://github.com/tianon/dockerfiles/commit/2e37f527a42e05e8b9e62a84ec34355edae69e47#diff-98c94b1ec125d65ca2943f740887117d94ebbea737c02c27448e8522e1da346cR24,https://github.com/tianon/dockerfiles/commit/d6d435479900274e105bdfdf2792c26c989f05f6#diff-98c94b1ec125d65ca2943f740887117d94ebbea737c02c27448e8522e1da346cL24,,
261,"haskell
docker-haskell",https://github.com/haskell/docker-haskell,2a2584ea8edb91065217e3f2a8d99e64e991445b,b2c8b20740764315551415596e9b6115e3859380,7.8/Dockerfile,## haskell package versions; can be overriden via context hacks,2014/07/27 07:55,2014/09/29 04:01,2014/05/29 12:51,,58 days 19:04:00.000000000,"63 days, 20:06:00",https://github.com/haskell/docker-haskell/commit/2a2584ea8edb91065217e3f2a8d99e64e991445b#diff-dd2c0eb6ea5cfc6c4bd4eac30934e2d5746747af48fef6da689e85b752f39557R41,https://github.com/haskell/docker-haskell/commit/b2c8b20740764315551415596e9b6115e3859380#diff-dd2c0eb6ea5cfc6c4bd4eac30934e2d5746747af48fef6da689e85b752f39557L27,,
167,"nodejs
docker-iojs",https://github.com/nodejs/docker-iojs,b1c0af6449717fd1487d00c3c99b722d9ebfc5a8,bc5d348c7ee811fe36167c24517087c0c5216163,0.10/Dockerfile,# TODO verify gpg and sha256: http://nodejs.org/dist/v0.10.30/SHASUMS256.txt.asc,2014/08/12 06:27,2014/08/12 07:13,2014/08/12 06:27,2015/01/15 08:41,0 days 00:00:00.000000000,0:46:00,https://github.com/nodejs/docker-iojs/commit/b1c0af6449717fd1487d00c3c99b722d9ebfc5a8#diff-dd2c0eb6ea5cfc6c4bd4eac30934e2d5746747af48fef6da689e85b752f39557R9,https://github.com/nodejs/docker-iojs/commit/bc5d348c7ee811fe36167c24517087c0c5216163#diff-dd2c0eb6ea5cfc6c4bd4eac30934e2d5746747af48fef6da689e85b752f39557L9,,
379,"tianon
dockerfiles",https://github.com/tianon/dockerfiles,5f053bb00f6af3fad9a1a742cfbd689818160c2c,3cc9c68e2da6f6f401eb70249aa96e48369dedde,caff/Dockerfile,# TODO move this down when COPY adheres to USER (and remove chown),2014/08/27 02:29,2019/03/03 01:01,2014/08/27 02:29,,0 days 00:00:00.000000000,"1648 days, 22:32:00",https://github.com/tianon/dockerfiles/commit/5f053bb00f6af3fad9a1a742cfbd689818160c2c#diff-eaaee6243540cc2d709ad9d8b4b7691d8dd4485c9ac9ba41a6d6d7f99a6a1253R8,https://github.com/tianon/dockerfiles/commit/3cc9c68e2da6f6f401eb70249aa96e48369dedde#diff-eaaee6243540cc2d709ad9d8b4b7691d8dd4485c9ac9ba41a6d6d7f99a6a1253L8,,
187,"tianon
gosu",https://github.com/tianon/gosu,5fb235fb1f30d3fbbacd516033b1546dd246fef5,b304eab5a681e46ed538cea7966abac02887839d,Dockerfile,# TODO pin specific commit,2014/11/05 09:30,2014/11/12 09:16,2014/07/15 04:52,,113 days 04:38:00.000000000,"6 days, 23:46:00",https://github.com/tianon/gosu/commit/5fb235fb1f30d3fbbacd516033b1546dd246fef5#diff-dd2c0eb6ea5cfc6c4bd4eac30934e2d5746747af48fef6da689e85b752f39557R6,https://github.com/tianon/gosu/commit/b304eab5a681e46ed538cea7966abac02887839d#diff-dd2c0eb6ea5cfc6c4bd4eac30934e2d5746747af48fef6da689e85b752f39557L6,,
123,"docker
docker-ce",https://github.com/docker/docker-ce,44958a29f2f2eb9a144b895146af552f1a3cd8d1,47f750ae1046f098f1676ed94176c955f87c628f,components/engine/Dockerfile,"# TODO when https://jenkins.dockerproject.com/job/Windows/ is green, add windows back to the list above
#	windows/amd64 windows/386",2015/01/23 07:42,2015/02/10 07:22,2013/07/09 13:30,,562 days 18:12:00.000000000,"17 days, 23:40:00",https://github.com/docker/docker-ce/commit/44958a29f2f2eb9a144b895146af552f1a3cd8d1#diff-a3e40a36d8a31c3425a6c7002b217d41d51782bd42bddb2471e89c082fdd4185R89,https://github.com/docker/docker-ce/commit/47f750ae1046f098f1676ed94176c955f87c628f#diff-a3e40a36d8a31c3425a6c7002b217d41d51782bd42bddb2471e89c082fdd4185L89,,
73,"moby
moby",https://github.com/moby/moby,47769994e5cba81a96529b418052afce7a6d51a3,4bc4587f05a754f52e40928c32c84ea48cc3522f,Dockerfile,"# TODO when https://jenkins.dockerproject.com/job/Windows/ is green, add windows back to the list above
#	windows/amd64 windows/386",2015/01/23 07:42,2015/02/10 07:22,2013/07/09 13:30,,562 days 18:12:00.000000000,"17 days, 23:40:00",https://github.com/moby/moby/commit/47769994e5cba81a96529b418052afce7a6d51a3#diff-dd2c0eb6ea5cfc6c4bd4eac30934e2d5746747af48fef6da689e85b752f39557R89,https://github.com/moby/moby/commit/4bc4587f05a754f52e40928c32c84ea48cc3522f#diff-dd2c0eb6ea5cfc6c4bd4eac30934e2d5746747af48fef6da689e85b752f39557L89,,
253,"zendtech
php-zendserver-docker",https://github.com/zendtech/php-zendserver-docker,ed44d0b62d9a118877e5664f5b7c2f31ba681cd7,9e03f246bebe045eb756d9e3996b542a372541d4,8.0/5.5/Dockerfile,# TODO:,2015/01/29 19:05,2015/11/09 22:11,2015/01/29 19:05,2016/08/01 18:35,0 days 00:00:00.000000000,"284 days, 3:06:00",https://github.com/zendtech/php-zendserver-docker/commit/ed44d0b62d9a118877e5664f5b7c2f31ba681cd7#diff-5087ae2a58189dc577c93f26936ea48e4df0c754f2f56af600397314b07c0fa0R5,https://github.com/zendtech/php-zendserver-docker/commit/9e03f246bebe045eb756d9e3996b542a372541d4#diff-5087ae2a58189dc577c93f26936ea48e4df0c754f2f56af600397314b07c0fa0L5,,
255,"zendtech
php-zendserver-docker",https://github.com/zendtech/php-zendserver-docker,ed44d0b62d9a118877e5664f5b7c2f31ba681cd7,9e03f246bebe045eb756d9e3996b542a372541d4,8.0/5.6/Dockerfile,# TODO:,2015/01/29 19:05,2015/11/09 22:11,2015/01/29 19:05,2016/08/01 18:35,0 days 00:00:00.000000000,"284 days, 3:06:00",https://github.com/zendtech/php-zendserver-docker/commit/ed44d0b62d9a118877e5664f5b7c2f31ba681cd7#diff-c64d59e03662742a1a5d60b6e7babddbb2e7a0690bfb54c468cd86047266ccd5R5,https://github.com/zendtech/php-zendserver-docker/commit/9e03f246bebe045eb756d9e3996b542a372541d4#diff-c64d59e03662742a1a5d60b6e7babddbb2e7a0690bfb54c468cd86047266ccd5L5,,
16,"docker-library
rabbitmq",https://github.com/docker-library/rabbitmq,77659a7555874cbbb2a1f7c32ce2f32bd81a7a41,7bf8ee55e00467d9eb8e662f509cac75100508e6,3.6/debian/Dockerfile,"# get logs to stdout (thanks to http://www.superpumpup.com/docker-rabbitmq-stdout for inspiration)
# TODO figure out what we'd need to do to add ""(sasl_)?"" to this sed and have it work (""{""init terminating in do_boot"",{rabbit,failure_during_boot,{error,{cannot_log_to_tty,sasl_report_tty_h,not_installed}}}}"")",2015/02/03 09:03,2015/05/16 01:46,2014/12/30 09:16,2019/01/15 09:22,34 days 23:47:00.000000000,"101 days, 16:43:00",https://github.com/docker-library/rabbitmq/commit/77659a7555874cbbb2a1f7c32ce2f32bd81a7a41#diff-dd2c0eb6ea5cfc6c4bd4eac30934e2d5746747af48fef6da689e85b752f39557R13,https://github.com/docker-library/rabbitmq/commit/7bf8ee55e00467d9eb8e662f509cac75100508e6#diff-dd2c0eb6ea5cfc6c4bd4eac30934e2d5746747af48fef6da689e85b752f39557L35,,
99,"moby
moby",https://github.com/moby/moby,3e84b9e56abdff7230e84a1830085c79c73aa3b7,f93fee5f48cc92df8668380e4edc2b7bbd6c62c6,docs/Dockerfile,# TODO: don't do this - look at merging the yml file in build.sh,2015/02/26 10:41,2015/06/16 05:19,2013/08/30 09:13,2016/10/15 06:12,545 days 01:28:00.000000000,"109 days, 18:38:00",https://github.com/moby/moby/commit/3e84b9e56abdff7230e84a1830085c79c73aa3b7#diff-325270e473e459d8ec894acac997d6558e54f0a9a51de491e81375ab58900de3R19,https://github.com/moby/moby/commit/f93fee5f48cc92df8668380e4edc2b7bbd6c62c6#diff-325270e473e459d8ec894acac997d6558e54f0a9a51de491e81375ab58900de3L30,,
156,"docker
docker-ce",https://github.com/docker/docker-ce,824b119187656e9475e2a02cd33d44f946f9d17b,9a276424db9080271213aa606d9aafef9c79b644,components/engine/docs/Dockerfile,# TODO: need the full repo source to get the git version info,2015/02/26 10:41,2015/06/16 05:19,2013/08/30 09:13,2016/10/15 06:12,545 days 01:28:00.000000000,"109 days, 18:38:00",https://github.com/docker/docker-ce/commit/824b119187656e9475e2a02cd33d44f946f9d17b#diff-6352245088f20ce067ab25e62a0adda0063e8f8253039791b323a755281cf9f4R7,https://github.com/docker/docker-ce/commit/9a276424db9080271213aa606d9aafef9c79b644#diff-6352245088f20ce067ab25e62a0adda0063e8f8253039791b323a755281cf9f4L16,,
157,"docker
docker-ce",https://github.com/docker/docker-ce,824b119187656e9475e2a02cd33d44f946f9d17b,9a276424db9080271213aa606d9aafef9c79b644,components/engine/docs/Dockerfile,# TODO: don't do this - look at merging the yml file in build.sh,2015/02/26 10:41,2015/06/16 05:19,2013/08/30 09:13,2016/10/15 06:12,545 days 01:28:00.000000000,"109 days, 18:38:00",https://github.com/docker/docker-ce/commit/824b119187656e9475e2a02cd33d44f946f9d17b#diff-6352245088f20ce067ab25e62a0adda0063e8f8253039791b323a755281cf9f4R19,https://github.com/docker/docker-ce/commit/9a276424db9080271213aa606d9aafef9c79b644#diff-6352245088f20ce067ab25e62a0adda0063e8f8253039791b323a755281cf9f4L30,,
100,"moby
moby",https://github.com/moby/moby,3e84b9e56abdff7230e84a1830085c79c73aa3b7,f93fee5f48cc92df8668380e4edc2b7bbd6c62c6,docs/Dockerfile,# TODO: need the full repo source to get the git version info,2015/02/26 10:41,2015/06/16 05:19,2013/08/30 09:13,2016/10/15 06:12,545 days 01:28:00.000000000,"109 days, 18:38:00",https://github.com/moby/moby/commit/3e84b9e56abdff7230e84a1830085c79c73aa3b7#diff-325270e473e459d8ec894acac997d6558e54f0a9a51de491e81375ab58900de3R7,https://github.com/moby/moby/commit/f93fee5f48cc92df8668380e4edc2b7bbd6c62c6#diff-325270e473e459d8ec894acac997d6558e54f0a9a51de491e81375ab58900de3L16,,
124,"docker
docker-ce",https://github.com/docker/docker-ce,c071c815d3338d8357acfbdfeb95122cb8eaba2e,2160e9bb7d89df1a9261eb809546a2f902817ed1,components/engine/Dockerfile,"# see also ""hack/make/.ensure-frozen-images"" (which needs to be updated any time this list is)",2015/03/10 10:02,2017/04/11 05:05,2013/07/09 13:30,,608 days 20:32:00.000000000,"762 days, 19:03:00",https://github.com/docker/docker-ce/commit/c071c815d3338d8357acfbdfeb95122cb8eaba2e#diff-a3e40a36d8a31c3425a6c7002b217d41d51782bd42bddb2471e89c082fdd4185R149,https://github.com/docker/docker-ce/commit/2160e9bb7d89df1a9261eb809546a2f902817ed1#diff-a3e40a36d8a31c3425a6c7002b217d41d51782bd42bddb2471e89c082fdd4185L242,,
74,"moby
moby",https://github.com/moby/moby,09b4c2585284d1125d4d299a7d58b36c1d0baf17,1ecd8ed5186a161c1c43ae7c99b1c81b97188619,Dockerfile,"# see also ""hack/make/.ensure-frozen-images"" (which needs to be updated any time this list is)",2015/03/10 10:02,2017/04/11 05:05,2013/07/09 13:30,,608 days 20:32:00.000000000,"762 days, 19:03:00",https://github.com/moby/moby/commit/09b4c2585284d1125d4d299a7d58b36c1d0baf17#diff-dd2c0eb6ea5cfc6c4bd4eac30934e2d5746747af48fef6da689e85b752f39557R149,https://github.com/moby/moby/commit/1ecd8ed5186a161c1c43ae7c99b1c81b97188619#diff-dd2c0eb6ea5cfc6c4bd4eac30934e2d5746747af48fef6da689e85b752f39557L242,,
263,"haskell
docker-haskell",https://github.com/haskell/docker-haskell,3d147020c8d2beb5a52cb3b9ef89712f9e2c1939,a5ddcdd90f4db30246c6996516bba4367975e81a,7.8/Dockerfile,"## install additional libs typically needed by hackage packages
#RUN apt-get update && \
#    apt-get install ${OPTS_APT} zlib1g-dev libtinfo-dev",2014/10/07 10:15,2015/03/31 06:11,2014/05/29 12:51,,"130 days, 21:24:00","174 days, 19:56:00",https://github.com/haskell/docker-haskell/commit/3d147020c8d2beb5a52cb3b9ef89712f9e2c1939#diff-0dca2087f52433bae04e2ec78a1e11c92c66dc0058a8a690fce635067fe43ab7R22,https://github.com/haskell/docker-haskell/commit/a5ddcdd90f4db30246c6996516bba4367975e81a#diff-0dca2087f52433bae04e2ec78a1e11c92c66dc0058a8a690fce635067fe43ab7L21,https://github.com/haskell/docker-haskell/commit/ced15f9e787dde6d7559819896bf322ef9a9fa17#diff-0dca2087f52433bae04e2ec78a1e11c92c66dc0058a8a690fce635067fe43ab7R53,## install additional libs typically needed by hackage packages
264,"haskell
docker-haskell",https://github.com/haskell/docker-haskell,3d147020c8d2beb5a52cb3b9ef89712f9e2c1939,a5ddcdd90f4db30246c6996516bba4367975e81a,7.10/Dockerfile,"## install additional libs typically needed by hackage packages
#RUN apt-get update && \
#    apt-get install ${OPTS_APT} zlib1g-dev libtinfo-dev",2015/03/28 01:31,2015/03/31 06:11,2015/03/28 01:31,,0 days 00:00:00.000000000,"3 days, 4:40:00",https://github.com/haskell/docker-haskell/commit/3d147020c8d2beb5a52cb3b9ef89712f9e2c1939#diff-a71b1587cee588560767fae81cf4f543d675820da1e34f40c207d3c265d26551R21,https://github.com/haskell/docker-haskell/commit/a5ddcdd90f4db30246c6996516bba4367975e81a#diff-a71b1587cee588560767fae81cf4f543d675820da1e34f40c207d3c265d26551L21,,
303,"docker-library
drupal",https://github.com/docker-library/drupal,6440784240cfb19b860220e874a738b961577949,42520d3a76d04a2aa2fcf4f6c4a77a22e141fa4a,7/apache-buster/Dockerfile,# TODO use this MD5,2015/04/15 08:20,2015/04/28 08:37,2015/04/15 08:20,,0 days 00:00:00.000000000,"13 days, 0:17:00",https://github.com/docker-library/drupal/commit/6440784240cfb19b860220e874a738b961577949#diff-dd2c0eb6ea5cfc6c4bd4eac30934e2d5746747af48fef6da689e85b752f39557R16,https://github.com/docker-library/drupal/commit/42520d3a76d04a2aa2fcf4f6c4a77a22e141fa4a#diff-dd2c0eb6ea5cfc6c4bd4eac30934e2d5746747af48fef6da689e85b752f39557L14,,
198,"containous
traefik",https://github.com/containous/traefik,a5a8d6929e793f6c3a70b1b84f68973c506deced,6362b1da7fc76e1131d3b5850601d1236d21d5a6,build.Dockerfile,"# This is a hack (see libcompose#32) - will be removed when libcompose will be fixed
# (i.e go get able)",2015/09/29 03:27,2015/10/14 05:56,2015/09/16 06:09,,12 days 21:18:00.000000000,"15 days, 2:29:00",https://github.com/containous/traefik/commit/a5a8d6929e793f6c3a70b1b84f68973c506deced#diff-55dead81f1d0d3cb944e2967161f98e2301f467d2fc30fdfb0b478a657704202R22,https://github.com/containous/traefik/commit/6362b1da7fc76e1131d3b5850601d1236d21d5a6#diff-55dead81f1d0d3cb944e2967161f98e2301f467d2fc30fdfb0b478a657704202L22,,
248,"zendtech
php-zendserver-docker",https://github.com/zendtech/php-zendserver-docker,82bba8cc44febcc6d7f31e25373fd323a1b54bfc,9e03f246bebe045eb756d9e3996b542a372541d4,8.5/5.6/Dockerfile,# TODO:,2015/10/11 19:18,2015/11/09 22:11,2015/10/11 19:18,,0 days 00:00:00.000000000,"29 days, 2:53:00",https://github.com/zendtech/php-zendserver-docker/commit/82bba8cc44febcc6d7f31e25373fd323a1b54bfc#diff-48b67356971d688ddbaf00b22cbb394a6439e86232c89dc859e67cb136a33492R5,https://github.com/zendtech/php-zendserver-docker/commit/9e03f246bebe045eb756d9e3996b542a372541d4#diff-48b67356971d688ddbaf00b22cbb394a6439e86232c89dc859e67cb136a33492L5,,
256,"zendtech
php-zendserver-docker",https://github.com/zendtech/php-zendserver-docker,82bba8cc44febcc6d7f31e25373fd323a1b54bfc,9e03f246bebe045eb756d9e3996b542a372541d4,8.5/5.5/Dockerfile,# TODO:,2015/10/11 19:18,2015/11/09 22:11,2015/10/11 19:18,2018/04/30 21:45,0 days 00:00:00.000000000,"29 days, 2:53:00",https://github.com/zendtech/php-zendserver-docker/commit/82bba8cc44febcc6d7f31e25373fd323a1b54bfc#diff-0af92589086ecea82bb08707e87bae18d7c48a96a67d289dfac7ca3a7446b7daR5,https://github.com/zendtech/php-zendserver-docker/commit/9e03f246bebe045eb756d9e3996b542a372541d4#diff-0af92589086ecea82bb08707e87bae18d7c48a96a67d289dfac7ca3a7446b7daL5,,
331,"wikimedia
mediawiki-docker",https://github.com/wikimedia/mediawiki-docker,8b6397888af7e165e1e1494c6be823a151b616c2,1828584c75e34ee08f12427e64d907f469cbab7c,1.31/apache/Dockerfile,# TODO: Switch to debian sid,2015/12/19 10:41,2015/12/19 13:28,2015/08/13 14:16,,127 days 20:25:00.000000000,2:47:00,https://github.com/wikimedia/mediawiki-docker/commit/8b6397888af7e165e1e1494c6be823a151b616c2#diff-dd2c0eb6ea5cfc6c4bd4eac30934e2d5746747af48fef6da689e85b752f39557R1,https://github.com/wikimedia/mediawiki-docker/commit/1828584c75e34ee08f12427e64d907f469cbab7c#diff-dd2c0eb6ea5cfc6c4bd4eac30934e2d5746747af48fef6da689e85b752f39557L1,,
75,"moby
moby",https://github.com/moby/moby,4357ed4a7363a1032edf93cf03232953c805184f,9b8d328666a6cd5313208cdf5f116825f06dccdc,Dockerfile,"# install seccomp
# TODO: switch to libseccomp-dev since dockerinit is gone",2016/01/26 21:47,2016/02/03 03:03,2013/07/09 13:30,,931 days 08:17:00.000000000,"7 days, 5:16:00",https://github.com/moby/moby/commit/4357ed4a7363a1032edf93cf03232953c805184f#diff-dd2c0eb6ea5cfc6c4bd4eac30934e2d5746747af48fef6da689e85b752f39557R99,https://github.com/moby/moby/commit/9b8d328666a6cd5313208cdf5f116825f06dccdc#diff-dd2c0eb6ea5cfc6c4bd4eac30934e2d5746747af48fef6da689e85b752f39557L98,,
125,"docker
docker-ce",https://github.com/docker/docker-ce,4edafc3bc120137c52da71f041df222fcf88cb3d,503a6ed4ffd6af08d03275cdb5989d818afcbcff,components/engine/Dockerfile,"# install seccomp
# TODO: switch to libseccomp-dev since dockerinit is gone",2016/01/26 21:47,2016/02/03 03:03,2013/07/09 13:30,,931 days 08:17:00.000000000,"7 days, 5:16:00",https://github.com/docker/docker-ce/commit/4edafc3bc120137c52da71f041df222fcf88cb3d#diff-a3e40a36d8a31c3425a6c7002b217d41d51782bd42bddb2471e89c082fdd4185R99,https://github.com/docker/docker-ce/commit/503a6ed4ffd6af08d03275cdb5989d818afcbcff#diff-a3e40a36d8a31c3425a6c7002b217d41d51782bd42bddb2471e89c082fdd4185L98,,
126,"docker
docker-ce",https://github.com/docker/docker-ce,2a1e2c7de1d97b0f8123e0e7d0cd79d4efa10c80,7fe655caac4b56da0004a5a7c52765b7e09aef1f,components/engine/Dockerfile,"# !!! TEMPORARY HACK !!!
# Because of https://github.com/golang/go/issues/15286 we have to revert to Go 1.5.3 for windows/amd64 in master
# To change which version of Go to compile with, simply prepend PATH with /usr/local/go1.5.3/bin
# and set GOROOT to /usr/local/go1.5.3",2016/04/16 10:00,2016/05/25 18:58,2013/07/09 13:30,,1011 days 20:30:00.000000000,"39 days, 8:58:00",https://github.com/docker/docker-ce/commit/2a1e2c7de1d97b0f8123e0e7d0cd79d4efa10c80#diff-a3e40a36d8a31c3425a6c7002b217d41d51782bd42bddb2471e89c082fdd4185R133,https://github.com/docker/docker-ce/commit/7fe655caac4b56da0004a5a7c52765b7e09aef1f#diff-a3e40a36d8a31c3425a6c7002b217d41d51782bd42bddb2471e89c082fdd4185L134,,
76,"moby
moby",https://github.com/moby/moby,3b3e58b639729e0fb3227e21367fea3ff9c5ff03,40b21745cc14628fc5336fbacddf092667a70c65,Dockerfile,"# !!! TEMPORARY HACK !!!
# Because of https://github.com/golang/go/issues/15286 we have to revert to Go 1.5.3 for windows/amd64 in master
# To change which version of Go to compile with, simply prepend PATH with /usr/local/go1.5.3/bin
# and set GOROOT to /usr/local/go1.5.3",2016/04/16 10:00,2016/05/25 18:58,2013/07/09 13:30,,1011 days 20:30:00.000000000,"39 days, 8:58:00",https://github.com/moby/moby/commit/3b3e58b639729e0fb3227e21367fea3ff9c5ff03#diff-dd2c0eb6ea5cfc6c4bd4eac30934e2d5746747af48fef6da689e85b752f39557R133,https://github.com/moby/moby/commit/40b21745cc14628fc5336fbacddf092667a70c65#diff-dd2c0eb6ea5cfc6c4bd4eac30934e2d5746747af48fef6da689e85b752f39557L134,,
270,"docker-library
kibana",https://github.com/docker-library/kibana,cc92280939a05c80282bc33e85e8a24e14f08def,75cfa3c5b20eb24a319937c0f7754ad06057d843,5/Dockerfile,# TODO figure out what's going on here and what it'll settle to for 5.0 GA,2016/04/19 01:22,2016/10/27 05:21,2016/04/19 01:22,2019/04/23 04:53,0 days 00:00:00.000000000,"191 days, 3:59:00",https://github.com/docker-library/kibana/commit/cc92280939a05c80282bc33e85e8a24e14f08def#diff-7b5fad32e65ae9f5e1aca3df09418c5f2917fd0122c4e5896dd800b8b009cc49R44,https://github.com/docker-library/kibana/commit/75cfa3c5b20eb24a319937c0f7754ad06057d843#diff-7b5fad32e65ae9f5e1aca3df09418c5f2917fd0122c4e5896dd800b8b009cc49L45,,
243,"docker-library
tomcat",https://github.com/docker-library/tomcat,ec75141e3cb6276b07d66c16042152e2d4de119c,d08341e2ed934abd7ff1baa0c26d6eac4f45f73a,9.0/jdk8/openjdk-buster/Dockerfile,"# http://tomcat.10.x6.nabble.com/VOTE-Release-Apache-Tomcat-8-0-32-tp5046007p5048274.html (ie, HACK HACK HACK)",2016/04/23 08:52,2016/05/17 09:11,2016/04/02 03:02,,21 days 05:50:00.000000000,"24 days, 0:19:00",https://github.com/docker-library/tomcat/commit/ec75141e3cb6276b07d66c16042152e2d4de119c#diff-d52f8875947c9567e2bed222df168ccdfec884904dbd6014babc2601b8b852b7R60,https://github.com/docker-library/tomcat/commit/d08341e2ed934abd7ff1baa0c26d6eac4f45f73a#diff-d52f8875947c9567e2bed222df168ccdfec884904dbd6014babc2601b8b852b7L60,,
244,"docker-library
tomcat",https://github.com/docker-library/tomcat,ec75141e3cb6276b07d66c16042152e2d4de119c,d08341e2ed934abd7ff1baa0c26d6eac4f45f73a,9.0/jdk8/openjdk-slim-buster/Dockerfile,"# http://tomcat.10.x6.nabble.com/VOTE-Release-Apache-Tomcat-8-0-32-tp5046007p5048274.html (ie, HACK HACK HACK)",2016/04/23 08:52,2016/05/17 09:11,2014/11/21 07:04,,519 days 01:48:00.000000000,"24 days, 0:19:00",https://github.com/docker-library/tomcat/commit/ec75141e3cb6276b07d66c16042152e2d4de119c#diff-681f1480a04b6be4e02dccd89a794b9a7f8771f1ddb4148d8c3d0fbe5da663e4R60,https://github.com/docker-library/tomcat/commit/d08341e2ed934abd7ff1baa0c26d6eac4f45f73a#diff-681f1480a04b6be4e02dccd89a794b9a7f8771f1ddb4148d8c3d0fbe5da663e4L60,,
242,"docker-library
tomcat",https://github.com/docker-library/tomcat,ec75141e3cb6276b07d66c16042152e2d4de119c,d08341e2ed934abd7ff1baa0c26d6eac4f45f73a,8.5/jdk8/openjdk-slim-buster/Dockerfile,"# http://tomcat.10.x6.nabble.com/VOTE-Release-Apache-Tomcat-8-0-32-tp5046007p5048274.html (ie, HACK HACK HACK)",2016/04/23 08:52,2016/05/17 09:11,2016/04/02 01:43,,21 days 07:09:00.000000000,"24 days, 0:19:00",https://github.com/docker-library/tomcat/commit/ec75141e3cb6276b07d66c16042152e2d4de119c#diff-3f6869de99b6a965d8080d4986bb26d3f227bf32ab9c0b0312f9947ca77eacd9R60,https://github.com/docker-library/tomcat/commit/d08341e2ed934abd7ff1baa0c26d6eac4f45f73a#diff-3f6869de99b6a965d8080d4986bb26d3f227bf32ab9c0b0312f9947ca77eacd9L60,,
245,"docker-library
tomcat",https://github.com/docker-library/tomcat,ec75141e3cb6276b07d66c16042152e2d4de119c,d08341e2ed934abd7ff1baa0c26d6eac4f45f73a,8.5/jdk11/openjdk-slim-buster/Dockerfile,"# http://tomcat.10.x6.nabble.com/VOTE-Release-Apache-Tomcat-8-0-32-tp5046007p5048274.html (ie, HACK HACK HACK)",2016/04/23 08:52,2016/05/17 09:11,2014/10/23 08:32,,548 days 00:20:00.000000000,"24 days, 0:19:00",https://github.com/docker-library/tomcat/commit/ec75141e3cb6276b07d66c16042152e2d4de119c#diff-04b883ecde4119ea54b2e630e8e085d99e0a1f0377cada8a4d1f0266442181fcR60,https://github.com/docker-library/tomcat/commit/d08341e2ed934abd7ff1baa0c26d6eac4f45f73a#diff-04b883ecde4119ea54b2e630e8e085d99e0a1f0377cada8a4d1f0266442181fcL60,,
393,"osrf
docker_images",https://github.com/osrf/docker_images,f780a6cc3b381b6ac6fbb998766233b27f66f175,b2bf197ae5bcbb8805f7d568b5f936f7d7294300,sros/kinetic/Dockerfile,"# HACK, replacing shell with bash for later docker build commands",2016/08/12 02:31,2018/01/04 08:43,2016/08/12 02:31,,0 days 00:00:00.000000000,"510 days, 6:12:00",https://github.com/osrf/docker_images/commit/f780a6cc3b381b6ac6fbb998766233b27f66f175#diff-b01ddf3884abfe13d85edb0481b8c41951af56f6b1890a3bfeece9deb8b5652fR63,https://github.com/osrf/docker_images/commit/b2bf197ae5bcbb8805f7d568b5f936f7d7294300#diff-b01ddf3884abfe13d85edb0481b8c41951af56f6b1890a3bfeece9deb8b5652fL68,,
202,"docker-library
wordpress",https://github.com/docker-library/wordpress,637afb53dc03b4af19149a0880e796346f97c137,bac437242c43cd716d2273b14443d3541a7af84e,php5.6/fpm/Dockerfile,# TODO consider removing the *-dev deps and only keeping the necessary lib* packages,2016/12/13 05:20,2018/01/02 03:03,2015/02/15 02:17,2019/01/05 09:07,667 days 03:03:00.000000000,"384 days, 21:43:00",https://github.com/docker-library/wordpress/commit/637afb53dc03b4af19149a0880e796346f97c137#diff-49ccd568326308f3c08d04f398c80f9be067bc6c2403c23ea978f394fa80eed0R15,https://github.com/docker-library/wordpress/commit/bac437242c43cd716d2273b14443d3541a7af84e#diff-49ccd568326308f3c08d04f398c80f9be067bc6c2403c23ea978f394fa80eed0L15,,
204,"docker-library
wordpress",https://github.com/docker-library/wordpress,637afb53dc03b4af19149a0880e796346f97c137,bac437242c43cd716d2273b14443d3541a7af84e,php5.6/apache/Dockerfile,# TODO consider removing the *-dev deps and only keeping the necessary lib* packages,2016/12/13 05:20,2018/01/02 03:03,2014/08/12 06:32,2019/01/05 09:07,853 days 22:48:00.000000000,"384 days, 21:43:00",https://github.com/docker-library/wordpress/commit/637afb53dc03b4af19149a0880e796346f97c137#diff-f7cb92b76672e03857458ecf05876dbae2bf021617c57525c8006a4e08a463b9R15,https://github.com/docker-library/wordpress/commit/bac437242c43cd716d2273b14443d3541a7af84e#diff-f7cb92b76672e03857458ecf05876dbae2bf021617c57525c8006a4e08a463b9L15,,
205,"docker-library
wordpress",https://github.com/docker-library/wordpress,637afb53dc03b4af19149a0880e796346f97c137,bac437242c43cd716d2273b14443d3541a7af84e,php7.0/fpm/Dockerfile,# TODO consider removing the *-dev deps and only keeping the necessary lib* packages,2016/12/13 05:20,2018/01/02 03:03,2016/10/07 07:11,2019/01/05 09:07,66 days 22:09:00.000000000,"384 days, 21:43:00",https://github.com/docker-library/wordpress/commit/637afb53dc03b4af19149a0880e796346f97c137#diff-c0a449a96c3f71b4b6e08ccb6d0960e559413a72b51958c075ea7d94058229beR15,https://github.com/docker-library/wordpress/commit/bac437242c43cd716d2273b14443d3541a7af84e#diff-c0a449a96c3f71b4b6e08ccb6d0960e559413a72b51958c075ea7d94058229beL15,,
206,"docker-library
wordpress",https://github.com/docker-library/wordpress,637afb53dc03b4af19149a0880e796346f97c137,bac437242c43cd716d2273b14443d3541a7af84e,php7.0/apache/Dockerfile,# TODO consider removing the *-dev deps and only keeping the necessary lib* packages,2016/12/13 05:20,2018/01/02 03:03,2016/10/07 07:11,2019/01/05 09:07,66 days 22:09:00.000000000,"384 days, 21:43:00",https://github.com/docker-library/wordpress/commit/637afb53dc03b4af19149a0880e796346f97c137#diff-c2fae8dbd2e172b48faea5ef8a0c26f591b7715cf7b4ae18a45263bada7cf244R15,https://github.com/docker-library/wordpress/commit/bac437242c43cd716d2273b14443d3541a7af84e#diff-c2fae8dbd2e172b48faea5ef8a0c26f591b7715cf7b4ae18a45263bada7cf244L15,,
208,"docker-library
wordpress",https://github.com/docker-library/wordpress,637afb53dc03b4af19149a0880e796346f97c137,bac437242c43cd716d2273b14443d3541a7af84e,Dockerfile-debian.template,# TODO consider removing the *-dev deps and only keeping the necessary lib* packages,2016/12/13 05:20,2018/01/02 03:03,2016/10/07 07:11,,66 days 22:09:00.000000000,"384 days, 21:43:00",https://github.com/docker-library/wordpress/commit/637afb53dc03b4af19149a0880e796346f97c137#diff-79e47e40e79d9731a46d49fe6b1b2e6a9e3ed637df8c855acf5e864ca98f3655R15,https://github.com/docker-library/wordpress/commit/bac437242c43cd716d2273b14443d3541a7af84e#diff-79e47e40e79d9731a46d49fe6b1b2e6a9e3ed637df8c855acf5e864ca98f3655L15,,
271,"rocker-org
rocker",https://github.com/rocker-org/rocker,a35c1df7e3dced0956cc4c33fd32ef71a443d8c4,1617fbefba8f6e7cdbbfcdfb6f77c5653249ecb2,rstudio/testing/Dockerfile,"  ## hack to avoid RStudio-bug in detecting build-dependencies         
  # && ln -s&& ln -s ln -s /usr/local/bin/R /usr/bin/R \
  # && ln -s&& ln -s ln -s /usr/local/lib/R /usr/lib/R",2016/12/22 03:57,2016/12/23 00:55,2016/11/12 15:45,,39 days 12:12:00.000000000,20:58:00,https://github.com/rocker-org/rocker/commit/a35c1df7e3dced0956cc4c33fd32ef71a443d8c4#diff-ade6ec2d411a4c40769eccc383c4ca9ff39dbc6b3bb79c5c9c73254a00880e4fR66,https://github.com/rocker-org/rocker/commit/1617fbefba8f6e7cdbbfcdfb6f77c5653249ecb2#diff-ade6ec2d411a4c40769eccc383c4ca9ff39dbc6b3bb79c5c9c73254a00880e4fL66,,
207,"docker-library
wordpress",https://github.com/docker-library/wordpress,f56ccb5de179757eeb043ef5fedea6c3cf4e3bf2,bac437242c43cd716d2273b14443d3541a7af84e,php7.4/fpm/Dockerfile,# TODO consider removing the *-dev deps and only keeping the necessary lib* packages,2017/01/05 09:59,2018/01/02 03:03,2017/01/05 09:59,2019/12/02 18:52,0 days 00:00:00.000000000,"361 days, 17:04:00",https://github.com/docker-library/wordpress/commit/f56ccb5de179757eeb043ef5fedea6c3cf4e3bf2#diff-772f7fa0147fb48c08d5ba983ceb21660b7c477cdca1e9653eb65223a76564deR15,https://github.com/docker-library/wordpress/commit/bac437242c43cd716d2273b14443d3541a7af84e#diff-772f7fa0147fb48c08d5ba983ceb21660b7c477cdca1e9653eb65223a76564deL15,,
203,"docker-library
wordpress",https://github.com/docker-library/wordpress,f56ccb5de179757eeb043ef5fedea6c3cf4e3bf2,bac437242c43cd716d2273b14443d3541a7af84e,php7.4/apache/Dockerfile,# TODO consider removing the *-dev deps and only keeping the necessary lib* packages,2017/01/05 09:59,2018/01/02 03:03,2017/01/05 09:59,2019/12/02 18:52,0 days 00:00:00.000000000,"361 days, 17:04:00",https://github.com/docker-library/wordpress/commit/f56ccb5de179757eeb043ef5fedea6c3cf4e3bf2#diff-0b539af73b9a8968effe55d68d60bfed6708ca9ee2bc68c27e841c8f3619d518R15,https://github.com/docker-library/wordpress/commit/bac437242c43cd716d2273b14443d3541a7af84e#diff-0b539af73b9a8968effe55d68d60bfed6708ca9ee2bc68c27e841c8f3619d518L15,,
333,"wikimedia
mediawiki-docker",https://github.com/wikimedia/mediawiki-docker,4b8cc73503e4fadd6f2b01eba840fa787a0d0ee3,b48d43686790d3497fec7a7607d640f9b8c43d67,1.31/apache/Dockerfile,"    # Extensions
    # TODO: make submodules shallow clones?",2015/12/19 10:41,2017/08/05 02:00,2015/08/13 14:16,,"127 days, 20:25:00","594 days, 15:19:00",https://github.com/wikimedia/mediawiki-docker/commit/4b8cc73503e4fadd6f2b01eba840fa787a0d0ee3#diff-dd2c0eb6ea5cfc6c4bd4eac30934e2d5746747af48fef6da689e85b752f39557R43,https://github.com/wikimedia/mediawiki-docker/commit/b48d43686790d3497fec7a7607d640f9b8c43d67#diff-dd2c0eb6ea5cfc6c4bd4eac30934e2d5746747af48fef6da689e85b752f39557L43,https://github.com/wikimedia/mediawiki-docker/commit/8b6397888af7e165e1e1494c6be823a151b616c2#diff-dd2c0eb6ea5cfc6c4bd4eac30934e2d5746747af48fef6da689e85b752f39557R46,"    # VisualEditor
    # TODO: make submodules shallow clones?"
338,"docker-library
gcc",https://github.com/docker-library/gcc,3b33871fe9558262cb5ed6253d358f76710e9ccb,1539ed62d45cbd1e2a4d0c3e94c07ca2acdb914a,Dockerfile.template,# TODO get enough builders to test and verify arm32v5 O:),2017/06/17 02:45,2017/09/29 02:39,2017/06/16 01:40,,1 days 01:05:00.000000000,"103 days, 23:54:00",https://github.com/docker-library/gcc/commit/3b33871fe9558262cb5ed6253d358f76710e9ccb#diff-8d7a21b017921bb88eaf71656b7b5767203db16e8126fc1e5ad2a9ba0bc542f5R78,https://github.com/docker-library/gcc/commit/1539ed62d45cbd1e2a4d0c3e94c07ca2acdb914a#diff-8d7a21b017921bb88eaf71656b7b5767203db16e8126fc1e5ad2a9ba0bc542f5L78,,
349,"docker-library
gcc",https://github.com/docker-library/gcc,3b33871fe9558262cb5ed6253d358f76710e9ccb,1539ed62d45cbd1e2a4d0c3e94c07ca2acdb914a,5/Dockerfile,"# TODO make[2]: *** No rule to make target '/usr/src/gcc/gcc/sync-builtinsndef', needed by 'tree-ssa-loop-prefetch.o'.  Stop.
# (which the builds takes _forever_ to get to)",2017/06/17 02:45,2017/09/29 02:39,2016/04/27 23:55,2019/05/04 07:14,415 days 02:50:00.000000000,"103 days, 23:54:00",https://github.com/docker-library/gcc/commit/3b33871fe9558262cb5ed6253d358f76710e9ccb#diff-b1965a2cf1f5e9c33bb5ba0ffcdba567d8e8a374e8c648a5a08ba4920e42d14dR82,https://github.com/docker-library/gcc/commit/1539ed62d45cbd1e2a4d0c3e94c07ca2acdb914a#diff-b1965a2cf1f5e9c33bb5ba0ffcdba567d8e8a374e8c648a5a08ba4920e42d14dL82,,
350,"docker-library
gcc",https://github.com/docker-library/gcc,3b33871fe9558262cb5ed6253d358f76710e9ccb,1539ed62d45cbd1e2a4d0c3e94c07ca2acdb914a,5/Dockerfile,# TODO get enough builders to test and verify arm32v5 O:),2017/06/17 02:45,2017/09/29 02:39,2016/04/27 23:55,2019/05/04 07:14,415 days 02:50:00.000000000,"103 days, 23:54:00",https://github.com/docker-library/gcc/commit/3b33871fe9558262cb5ed6253d358f76710e9ccb#diff-b1965a2cf1f5e9c33bb5ba0ffcdba567d8e8a374e8c648a5a08ba4920e42d14dR78,https://github.com/docker-library/gcc/commit/1539ed62d45cbd1e2a4d0c3e94c07ca2acdb914a#diff-b1965a2cf1f5e9c33bb5ba0ffcdba567d8e8a374e8c648a5a08ba4920e42d14dL78,,
340,"docker-library
gcc",https://github.com/docker-library/gcc,3b33871fe9558262cb5ed6253d358f76710e9ccb,1539ed62d45cbd1e2a4d0c3e94c07ca2acdb914a,Dockerfile.template,"# TODO make[2]: *** No rule to make target '/usr/src/gcc/gcc/sync-builtinsndef', needed by 'tree-ssa-loop-prefetch.o'.  Stop.
# (which the builds takes _forever_ to get to)",2017/06/17 02:45,2017/09/29 02:39,2017/06/16 01:40,,1 days 01:05:00.000000000,"103 days, 23:54:00",https://github.com/docker-library/gcc/commit/3b33871fe9558262cb5ed6253d358f76710e9ccb#diff-8d7a21b017921bb88eaf71656b7b5767203db16e8126fc1e5ad2a9ba0bc542f5R82,https://github.com/docker-library/gcc/commit/1539ed62d45cbd1e2a4d0c3e94c07ca2acdb914a#diff-8d7a21b017921bb88eaf71656b7b5767203db16e8126fc1e5ad2a9ba0bc542f5L82,,
342,"docker-library
gcc",https://github.com/docker-library/gcc,3b33871fe9558262cb5ed6253d358f76710e9ccb,1539ed62d45cbd1e2a4d0c3e94c07ca2acdb914a,7/Dockerfile,"# TODO make[2]: *** No rule to make target '/usr/src/gcc/gcc/sync-builtinsndef', needed by 'tree-ssa-loop-prefetch.o'.  Stop.
# (which the builds takes _forever_ to get to)",2017/06/17 02:45,2017/09/29 02:39,2017/05/03 01:49,2020/05/08 13:19,45 days 00:56:00.000000000,"103 days, 23:54:00",https://github.com/docker-library/gcc/commit/3b33871fe9558262cb5ed6253d358f76710e9ccb#diff-6898db4afa85b77d48beeba80b3363fa16dbb960f0db00a133ccb84cf7db30f5R82,https://github.com/docker-library/gcc/commit/1539ed62d45cbd1e2a4d0c3e94c07ca2acdb914a#diff-6898db4afa85b77d48beeba80b3363fa16dbb960f0db00a133ccb84cf7db30f5L82,,
347,"docker-library
gcc",https://github.com/docker-library/gcc,3b33871fe9558262cb5ed6253d358f76710e9ccb,1539ed62d45cbd1e2a4d0c3e94c07ca2acdb914a,6/Dockerfile,# TODO get enough builders to test and verify arm32v5 O:),2017/06/17 02:45,2017/09/29 02:39,2016/09/17 05:50,2020/05/07 22:15,272 days 20:55:00.000000000,"103 days, 23:54:00",https://github.com/docker-library/gcc/commit/3b33871fe9558262cb5ed6253d358f76710e9ccb#diff-79c5c8dc11fb72a1c9bfb82c6ad09fc815e919d844ebbe45f501faa22830e255R78,https://github.com/docker-library/gcc/commit/1539ed62d45cbd1e2a4d0c3e94c07ca2acdb914a#diff-79c5c8dc11fb72a1c9bfb82c6ad09fc815e919d844ebbe45f501faa22830e255L78,,
344,"docker-library
gcc",https://github.com/docker-library/gcc,3b33871fe9558262cb5ed6253d358f76710e9ccb,1539ed62d45cbd1e2a4d0c3e94c07ca2acdb914a,7/Dockerfile,# TODO get enough builders to test and verify arm32v5 O:),2017/06/17 02:45,2017/09/29 02:39,2017/05/03 01:49,2020/05/08 13:19,45 days 00:56:00.000000000,"103 days, 23:54:00",https://github.com/docker-library/gcc/commit/3b33871fe9558262cb5ed6253d358f76710e9ccb#diff-6898db4afa85b77d48beeba80b3363fa16dbb960f0db00a133ccb84cf7db30f5R78,https://github.com/docker-library/gcc/commit/1539ed62d45cbd1e2a4d0c3e94c07ca2acdb914a#diff-6898db4afa85b77d48beeba80b3363fa16dbb960f0db00a133ccb84cf7db30f5L78,,
351,"docker-library
gcc",https://github.com/docker-library/gcc,3b33871fe9558262cb5ed6253d358f76710e9ccb,1539ed62d45cbd1e2a4d0c3e94c07ca2acdb914a,4.9/Dockerfile,# TODO get enough builders to test and verify arm32v5 O:),2017/06/17 02:45,2017/09/29 02:39,2014/08/26 07:40,2017/09/30 03:05,1025 days 19:05:00.000000000,"103 days, 23:54:00",https://github.com/docker-library/gcc/commit/3b33871fe9558262cb5ed6253d358f76710e9ccb#diff-d56a86239fd82125d0abe124cb93acef69ba1391acf8781520bdad3d6f2a474aR78,https://github.com/docker-library/gcc/commit/1539ed62d45cbd1e2a4d0c3e94c07ca2acdb914a#diff-d56a86239fd82125d0abe124cb93acef69ba1391acf8781520bdad3d6f2a474aL78,,
352,"docker-library
gcc",https://github.com/docker-library/gcc,3b33871fe9558262cb5ed6253d358f76710e9ccb,1539ed62d45cbd1e2a4d0c3e94c07ca2acdb914a,4.9/Dockerfile,"# TODO make[2]: *** No rule to make target '/usr/src/gcc/gcc/sync-builtinsndef', needed by 'tree-ssa-loop-prefetch.o'.  Stop.
# (which the builds takes _forever_ to get to)",2017/06/17 02:45,2017/09/29 02:39,2014/08/26 07:40,2017/09/30 03:05,1025 days 19:05:00.000000000,"103 days, 23:54:00",https://github.com/docker-library/gcc/commit/3b33871fe9558262cb5ed6253d358f76710e9ccb#diff-d56a86239fd82125d0abe124cb93acef69ba1391acf8781520bdad3d6f2a474aR82,https://github.com/docker-library/gcc/commit/1539ed62d45cbd1e2a4d0c3e94c07ca2acdb914a#diff-d56a86239fd82125d0abe124cb93acef69ba1391acf8781520bdad3d6f2a474aL82,,
346,"docker-library
gcc",https://github.com/docker-library/gcc,3b33871fe9558262cb5ed6253d358f76710e9ccb,1539ed62d45cbd1e2a4d0c3e94c07ca2acdb914a,6/Dockerfile,"# TODO make[2]: *** No rule to make target '/usr/src/gcc/gcc/sync-builtinsndef', needed by 'tree-ssa-loop-prefetch.o'.  Stop.
# (which the builds takes _forever_ to get to)",2017/06/17 02:45,2017/09/29 02:39,2016/09/17 05:50,2020/05/07 22:15,272 days 20:55:00.000000000,"103 days, 23:54:00",https://github.com/docker-library/gcc/commit/3b33871fe9558262cb5ed6253d358f76710e9ccb#diff-79c5c8dc11fb72a1c9bfb82c6ad09fc815e919d844ebbe45f501faa22830e255R82,https://github.com/docker-library/gcc/commit/1539ed62d45cbd1e2a4d0c3e94c07ca2acdb914a#diff-79c5c8dc11fb72a1c9bfb82c6ad09fc815e919d844ebbe45f501faa22830e255L82,,
136,"docker
docker-ce",https://github.com/docker/docker-ce,57c34191f2bcdc0f6d0f60583cc37522a0e25a2b,2652782fc983bd35c9e2a7a888c3ebb595cc31e1,components/engine/Dockerfile,# Options for hack/validate/gometalinter,2017/09/13 10:45,2019/09/11 15:58,2013/07/09 13:30,,1526 days 21:15:00.000000000,"728 days, 5:13:00",https://github.com/docker/docker-ce/commit/57c34191f2bcdc0f6d0f60583cc37522a0e25a2b#diff-a3e40a36d8a31c3425a6c7002b217d41d51782bd42bddb2471e89c082fdd4185R220,https://github.com/docker/docker-ce/commit/2652782fc983bd35c9e2a7a888c3ebb595cc31e1#diff-a3e40a36d8a31c3425a6c7002b217d41d51782bd42bddb2471e89c082fdd4185L284,,
86,"moby
moby",https://github.com/moby/moby,b96093fa56a9c085cb3123010be2430753c40cbc,a464a3d51f89566b3e480d66903056004576cc85,Dockerfile,# Options for hack/validate/gometalinter,2017/09/13 10:45,2019/09/11 15:58,2013/07/09 13:30,,1526 days 21:15:00.000000000,"728 days, 5:13:00",https://github.com/moby/moby/commit/b96093fa56a9c085cb3123010be2430753c40cbc#diff-dd2c0eb6ea5cfc6c4bd4eac30934e2d5746747af48fef6da689e85b752f39557R220,https://github.com/moby/moby/commit/a464a3d51f89566b3e480d66903056004576cc85#diff-dd2c0eb6ea5cfc6c4bd4eac30934e2d5746747af48fef6da689e85b752f39557L284,,
188,"31z4
zookeeper-docker",https://github.com/31z4/zookeeper-docker,15b6f73b9f36a8bf4960c661427ac41de49cf534,2ac61a0d18eb23c113c38a57380548a000768cb7,3.5.8/Dockerfile,    # TODO: the distribution given by apache is not gzipped correctly - unzip correctly when fixed,2017/10/24 14:12,2018/06/01 00:36,2017/10/24 14:12,,0 days 00:00:00.000000000,"219 days, 10:24:00",https://github.com/31z4/zookeeper-docker/commit/15b6f73b9f36a8bf4960c661427ac41de49cf534#diff-853194f128ef5d15a265b2ee5ae6e4c74ecf7c9b77f2051452c1c8b9624c22ccR37,https://github.com/31z4/zookeeper-docker/commit/2ac61a0d18eb23c113c38a57380548a000768cb7#diff-82f07a24c38b8dd2a1b9eb8c09f6a96cd07e34d0ded0f8784b1cdbde7b7bb2a5L41,,
201,"docker-library
wordpress",https://github.com/docker-library/wordpress,591388696848f29bfa627ab38f78678135096f15,bac437242c43cd716d2273b14443d3541a7af84e,php7.2/apache/Dockerfile,# TODO consider removing the *-dev deps and only keeping the necessary lib* packages,2017/12/09 05:43,2018/01/02 03:03,2017/12/09 05:43,,0 days 00:00:00.000000000,"23 days, 21:20:00",https://github.com/docker-library/wordpress/commit/591388696848f29bfa627ab38f78678135096f15#diff-50ba26694ba4295d1def66ba49f5b9b8aa3cb225026815022b21fe97b122f9a9R15,https://github.com/docker-library/wordpress/commit/bac437242c43cd716d2273b14443d3541a7af84e#diff-50ba26694ba4295d1def66ba49f5b9b8aa3cb225026815022b21fe97b122f9a9L15,,
200,"docker-library
wordpress",https://github.com/docker-library/wordpress,591388696848f29bfa627ab38f78678135096f15,bac437242c43cd716d2273b14443d3541a7af84e,php7.2/fpm/Dockerfile,# TODO consider removing the *-dev deps and only keeping the necessary lib* packages,2017/12/09 05:43,2018/01/02 03:03,2017/12/09 05:43,,0 days 00:00:00.000000000,"23 days, 21:20:00",https://github.com/docker-library/wordpress/commit/591388696848f29bfa627ab38f78678135096f15#diff-d117d9e12b34ec4466416582fc28d4841c611e237127459e74fc508e3478a0f0R15,https://github.com/docker-library/wordpress/commit/bac437242c43cd716d2273b14443d3541a7af84e#diff-d117d9e12b34ec4466416582fc28d4841c611e237127459e74fc508e3478a0f0L15,,
137,"docker
docker-ce",https://github.com/docker/docker-ce,c6bfcea4c884c56b4860c83eb65b39a0fe356c4f,bb78e867906269f45697a2f96d1ad4fbe526c0e7,components/engine/Dockerfile,"# TODO: when issue #35963 fixed, we can upgrade the busybox to multi-arch",2018/01/11 14:14,2018/02/15 17:49,2013/07/09 13:30,,1647 days 00:44:00.000000000,"35 days, 3:35:00",https://github.com/docker/docker-ce/commit/c6bfcea4c884c56b4860c83eb65b39a0fe356c4f#diff-a3e40a36d8a31c3425a6c7002b217d41d51782bd42bddb2471e89c082fdd4185R170,https://github.com/docker/docker-ce/commit/bb78e867906269f45697a2f96d1ad4fbe526c0e7#diff-a3e40a36d8a31c3425a6c7002b217d41d51782bd42bddb2471e89c082fdd4185L183,,
87,"moby
moby",https://github.com/moby/moby,eaae7750efbc80314c5e028c4d43d3cd9e104edd,e3102d5055995a43b090dbc29342a1846a39edae,Dockerfile,"# TODO: when issue #35963 fixed, we can upgrade the busybox to multi-arch",2018/01/11 14:14,2018/02/15 17:49,2013/07/09 13:30,,1647 days 00:44:00.000000000,"35 days, 3:35:00",https://github.com/moby/moby/commit/eaae7750efbc80314c5e028c4d43d3cd9e104edd#diff-dd2c0eb6ea5cfc6c4bd4eac30934e2d5746747af48fef6da689e85b752f39557R170,https://github.com/moby/moby/commit/e3102d5055995a43b090dbc29342a1846a39edae#diff-dd2c0eb6ea5cfc6c4bd4eac30934e2d5746747af48fef6da689e85b752f39557L183,,
139,"docker
docker-ce",https://github.com/docker/docker-ce,f11213a80093591f2a3ac7ed0bb5a03312ffb533,e4ccd4c846b6e85d2543ad6649dff52d3e303c70,components/engine/Dockerfile,"# Install tomlv, vndr, runc, containerd, tini, proxy dockercli
# Please edit hack/dockerfile/install/<name>.installer to update them.",2016/09/24 01:21,2018/02/26 17:10,2013/07/09 13:30,,"1172 days, 11:51:00","520 days, 15:49:00",https://github.com/docker/docker-ce/commit/f11213a80093591f2a3ac7ed0bb5a03312ffb533#diff-a3e40a36d8a31c3425a6c7002b217d41d51782bd42bddb2471e89c082fdd4185R190,https://github.com/docker/docker-ce/commit/e4ccd4c846b6e85d2543ad6649dff52d3e303c70#diff-a3e40a36d8a31c3425a6c7002b217d41d51782bd42bddb2471e89c082fdd4185L190,,
89,"moby
moby",https://github.com/moby/moby,b529d1b0936b90ae14d584c73f7332919f8d76b7,d539038d9712daa44254412c6fcc6d78a14da691,Dockerfile,"# Install tomlv, vndr, runc, containerd, tini, proxy dockercli
# Please edit hack/dockerfile/install/<name>.installer to update them.",2016/09/24 01:21,2018/02/26 17:10,2013/07/09 13:30,,"1172 days, 11:51:00","520 days, 15:49:00",https://github.com/moby/moby/commit/b529d1b0936b90ae14d584c73f7332919f8d76b7#diff-dd2c0eb6ea5cfc6c4bd4eac30934e2d5746747af48fef6da689e85b752f39557R190,https://github.com/moby/moby/commit/d539038d9712daa44254412c6fcc6d78a14da691#diff-dd2c0eb6ea5cfc6c4bd4eac30934e2d5746747af48fef6da689e85b752f39557L190,,
140,"docker
docker-ce",https://github.com/docker/docker-ce,e4ccd4c846b6e85d2543ad6649dff52d3e303c70,ccd4b60a2c22ed5a376c71076278479e541773d9,components/engine/Dockerfile,"# Just a little hack so we don't have to install these deps twice, once for runc and once for dockerd",2018/02/26 17:10,2019/04/18 03:11,2013/07/09 13:30,,1693 days 03:40:00.000000000,"415 days, 10:01:00",https://github.com/docker/docker-ce/commit/e4ccd4c846b6e85d2543ad6649dff52d3e303c70#diff-a3e40a36d8a31c3425a6c7002b217d41d51782bd42bddb2471e89c082fdd4185R138,https://github.com/docker/docker-ce/commit/ccd4b60a2c22ed5a376c71076278479e541773d9#diff-a3e40a36d8a31c3425a6c7002b217d41d51782bd42bddb2471e89c082fdd4185L97,,
142,"docker
docker-ce",https://github.com/docker/docker-ce,e4ccd4c846b6e85d2543ad6649dff52d3e303c70,edae8fb067bbc2571ba9d5d5fa82faef65bb43b8,components/engine/Dockerfile,"# TODO: This is for the docker-py tests, which shouldn't really be needed for
# this image, but currently CI is expecting to run this image. This should be
# split out into a separate image, including all the `python-*` deps installed
# above.",2018/02/26 17:10,2019/07/19 03:54,2013/07/09 13:30,,1693 days 03:40:00.000000000,"507 days, 10:44:00",https://github.com/docker/docker-ce/commit/e4ccd4c846b6e85d2543ad6649dff52d3e303c70#diff-a3e40a36d8a31c3425a6c7002b217d41d51782bd42bddb2471e89c082fdd4185R250,https://github.com/docker/docker-ce/commit/edae8fb067bbc2571ba9d5d5fa82faef65bb43b8#diff-a3e40a36d8a31c3425a6c7002b217d41d51782bd42bddb2471e89c082fdd4185L273,,
90,"moby
moby",https://github.com/moby/moby,d539038d9712daa44254412c6fcc6d78a14da691,f067a0acaa98824b5efa3b6e2c370f6e81013a35,Dockerfile,"# Just a little hack so we don't have to install these deps twice, once for runc and once for dockerd",2018/02/26 17:10,2019/04/18 03:11,2013/07/09 13:30,,1693 days 03:40:00.000000000,"415 days, 10:01:00",https://github.com/moby/moby/commit/d539038d9712daa44254412c6fcc6d78a14da691#diff-dd2c0eb6ea5cfc6c4bd4eac30934e2d5746747af48fef6da689e85b752f39557R138,https://github.com/moby/moby/commit/f067a0acaa98824b5efa3b6e2c370f6e81013a35#diff-dd2c0eb6ea5cfc6c4bd4eac30934e2d5746747af48fef6da689e85b752f39557L97,,
92,"moby
moby",https://github.com/moby/moby,d539038d9712daa44254412c6fcc6d78a14da691,764160031e1dc165411ee6612a129bd26a9872b7,Dockerfile,"# TODO: This is for the docker-py tests, which shouldn't really be needed for
# this image, but currently CI is expecting to run this image. This should be
# split out into a separate image, including all the `python-*` deps installed
# above.",2018/02/26 17:10,2019/07/19 03:54,2013/07/09 13:30,,1693 days 03:40:00.000000000,"507 days, 10:44:00",https://github.com/moby/moby/commit/d539038d9712daa44254412c6fcc6d78a14da691#diff-dd2c0eb6ea5cfc6c4bd4eac30934e2d5746747af48fef6da689e85b752f39557R250,https://github.com/moby/moby/commit/764160031e1dc165411ee6612a129bd26a9872b7#diff-dd2c0eb6ea5cfc6c4bd4eac30934e2d5746747af48fef6da689e85b752f39557L273,,
143,"docker
docker-ce",https://github.com/docker/docker-ce,6150221be34e401da3514cab1e8ccb6eabc6f812,38974ef6a25315017aa9fd79fa78420d7a422fb0,components/engine/Dockerfile,"# FIXME(vdemeester) this is kept for other script depending on it to not fail right away
# Remove this once the other scripts uses something else to detect the version",2018/02/28 17:04,2018/09/07 07:24,2013/07/09 13:30,,1695 days 03:34:00.000000000,"190 days, 14:20:00",https://github.com/docker/docker-ce/commit/6150221be34e401da3514cab1e8ccb6eabc6f812#diff-a3e40a36d8a31c3425a6c7002b217d41d51782bd42bddb2471e89c082fdd4185R36,https://github.com/docker/docker-ce/commit/38974ef6a25315017aa9fd79fa78420d7a422fb0#diff-a3e40a36d8a31c3425a6c7002b217d41d51782bd42bddb2471e89c082fdd4185L28,,
93,"moby
moby",https://github.com/moby/moby,572cb664621ca08e912a006c5c9cf2fb568ce757,10fd0516b9f9f04d0f0e2c0755e704303f1a487f,Dockerfile,"# FIXME(vdemeester) this is kept for other script depending on it to not fail right away
# Remove this once the other scripts uses something else to detect the version",2018/02/28 17:04,2018/09/07 07:24,2013/07/09 13:30,,1695 days 03:34:00.000000000,"190 days, 14:20:00",https://github.com/moby/moby/commit/572cb664621ca08e912a006c5c9cf2fb568ce757#diff-dd2c0eb6ea5cfc6c4bd4eac30934e2d5746747af48fef6da689e85b752f39557R36,https://github.com/moby/moby/commit/10fd0516b9f9f04d0f0e2c0755e704303f1a487f#diff-dd2c0eb6ea5cfc6c4bd4eac30934e2d5746747af48fef6da689e85b752f39557L28,,
94,"moby
moby",https://github.com/moby/moby,80bc8b4766cc808186af91930152d78afb22aef8,82c56755ea9e6c0ce197fbdfd41d0c5d1724b50c,Dockerfile,"# # Make a dockerd binary.
# # hack/make.sh binary
#
# # Install dockerd to /usr/local/bin
# # make install
#
# # Run unit tests
# # hack/test/unit
#
# # Run tests e.g. integration, py
# # hack/make.sh binary test-integration test-docker-py
#
# Note: AppArmor used to mess with privileged mode, but this is no longer
# the case. Therefore, you don't have to disable it anymore.
#",2018/02/14 20:08,2019/10/04 06:07,2013/07/09 13:30,,"1681 days, 6:38:00","596 days, 9:59:00",https://github.com/moby/moby/commit/80bc8b4766cc808186af91930152d78afb22aef8#diff-dd2c0eb6ea5cfc6c4bd4eac30934e2d5746747af48fef6da689e85b752f39557R23,https://github.com/moby/moby/commit/82c56755ea9e6c0ce197fbdfd41d0c5d1724b50c#diff-dd2c0eb6ea5cfc6c4bd4eac30934e2d5746747af48fef6da689e85b752f39557L11,https://github.com/moby/moby/commit/ba49e8c49830b69c833edff3c393716da20f897a#diff-dd2c0eb6ea5cfc6c4bd4eac30934e2d5746747af48fef6da689e85b752f39557R11,"# # Make a dockerd binary.
# # hack/make.sh binary
#
# # Install dockerd to /usr/local/bin
# # make install
#
# # Run unit tests
# # hack/test/unit
#
# # Run tests e.g. integration, py
# # hack/make.sh binary test-integration test-docker-py
#
# # Publish a release:
# docker run --privileged \
#  -e AWS_S3_BUCKET=baz \
#  -e AWS_ACCESS_KEY=foo \
#  -e AWS_SECRET_KEY=bar \
#  -e GPG_PASSPHRASE=gloubiboulga \
#  docker hack/release.sh
#
# Note: AppArmor used to mess with privileged mode, but this is no longer
# the case. Therefore, you don't have to disable it anymore.
#"
144,"docker
docker-ce",https://github.com/docker/docker-ce,7a1680b13a4d40f402fb54bfef604e8539c37662,dd52c68ae4d8dbcbb34a4ba7983eb160dbfe37fc,components/engine/Dockerfile,"# # Make a dockerd binary.
# # hack/make.sh binary
#
# # Install dockerd to /usr/local/bin
# # make install
#
# # Run unit tests
# # hack/test/unit
#
# # Run tests e.g. integration, py
# # hack/make.sh binary test-integration test-docker-py
#
# Note: AppArmor used to mess with privileged mode, but this is no longer
# the case. Therefore, you don't have to disable it anymore.
#",2018/02/14 20:08,2019/10/04 06:07,2013/07/09 13:30,,"1681 days, 6:38:00","596 days, 9:59:00",https://github.com/docker/docker-ce/commit/7a1680b13a4d40f402fb54bfef604e8539c37662#diff-a3e40a36d8a31c3425a6c7002b217d41d51782bd42bddb2471e89c082fdd4185R23,https://github.com/docker/docker-ce/commit/dd52c68ae4d8dbcbb34a4ba7983eb160dbfe37fc#diff-a3e40a36d8a31c3425a6c7002b217d41d51782bd42bddb2471e89c082fdd4185L11,https://github.com/docker/docker-ce/commit/1d51022fe81c77d3b394b80996310fa5e6812c1e#diff-a3e40a36d8a31c3425a6c7002b217d41d51782bd42bddb2471e89c082fdd4185R11,"# # Make a dockerd binary.
# # hack/make.sh binary
#
# # Install dockerd to /usr/local/bin
# # make install
#
# # Run unit tests
# # hack/test/unit
#
# # Run tests e.g. integration, py
# # hack/make.sh binary test-integration test-docker-py
#
# # Publish a release:
# docker run --privileged \
#  -e AWS_S3_BUCKET=baz \
#  -e AWS_ACCESS_KEY=foo \
#  -e AWS_SECRET_KEY=bar \
#  -e GPG_PASSPHRASE=gloubiboulga \
#  docker hack/release.sh
#
# Note: AppArmor used to mess with privileged mode, but this is no longer
# the case. Therefore, you don't have to disable it anymore.
#"
488,"docker-library
openjdk",https://github.com/docker-library/openjdk,7d6b0528da55c7b74feff4f565c9dbb8907b8c9a,349703e3d620e86fb46e2a4529a810c7116a9b4e,12/jdk/oracle/Dockerfile,"# Default to UTF-8 file.encoding
#ENV LANG C.UTF-8
# TODO oraclelinux doesn't have C.UTF-8 by default??",2018/10/02 04:16,2019/05/25 06:28,2018/10/02 04:16,2019/09/18 08:59,0 days 00:00:00.000000000,"235 days, 2:12:00",https://github.com/docker-library/openjdk/commit/7d6b0528da55c7b74feff4f565c9dbb8907b8c9a#diff-9b9bb46d238dde8bf1fb25bbebfb5d07726ebb7720b353d6ab7ebd8e6c216cffR14,https://github.com/docker-library/openjdk/commit/349703e3d620e86fb46e2a4529a810c7116a9b4e#diff-9b9bb46d238dde8bf1fb25bbebfb5d07726ebb7720b353d6ab7ebd8e6c216cffL15,,
486,"docker-library
openjdk",https://github.com/docker-library/openjdk,7d6b0528da55c7b74feff4f565c9dbb8907b8c9a,554ff38a160f896ddd7f0fdca1cd34817e253a56,Dockerfile-oracle-oraclelinux.template,"# Default to UTF-8 file.encoding
#ENV LANG C.UTF-8
# TODO oraclelinux doesn't have C.UTF-8 by default??",2018/10/02 04:16,2019/05/25 06:29,2018/10/02 04:16,,0 days 00:00:00.000000000,"235 days, 2:13:00",https://github.com/docker-library/openjdk/commit/7d6b0528da55c7b74feff4f565c9dbb8907b8c9a#diff-4617ce0b621ac0bda3866b2c3b32527bcf93f1dafbf193b8f5ed71c8b6bf4413R14,https://github.com/docker-library/openjdk/commit/554ff38a160f896ddd7f0fdca1cd34817e253a56#diff-4617ce0b621ac0bda3866b2c3b32527bcf93f1dafbf193b8f5ed71c8b6bf4413L15,,
371,"tianon
dockerfiles",https://github.com/tianon/dockerfiles,8cfd903d3f1ffc976206ff75dab4dbfcd5274ca4,3839f20948900084dfb766ca6bf34bed458af812,makemkv/Dockerfile,# TODO find some way to include ccextractor (currently buster-only),2018/12/26 14:52,2019/08/06 08:08,2017/04/02 15:54,,632 days 22:58:00.000000000,"222 days, 17:16:00",https://github.com/tianon/dockerfiles/commit/8cfd903d3f1ffc976206ff75dab4dbfcd5274ca4#diff-73a090e800db696fd1836f86470a76a53e1d057bd5b53b9e8b4064aa38d02be7R3,https://github.com/tianon/dockerfiles/commit/3839f20948900084dfb766ca6bf34bed458af812#diff-73a090e800db696fd1836f86470a76a53e1d057bd5b53b9e8b4064aa38d02be7L3,,
481,"docker-library
openjdk",https://github.com/docker-library/openjdk,db97c023c9f036d5e4df5fd9d1e5d21bdbabccce,554ff38a160f896ddd7f0fdca1cd34817e253a56,13/jdk/oracle/Dockerfile,"# Default to UTF-8 file.encoding
#ENV LANG C.UTF-8
# TODO oraclelinux doesn't have C.UTF-8 by default??",2019/01/02 17:24,2019/05/25 06:29,2019/01/02 17:24,2020/03/18 06:09,0 days 00:00:00.000000000,"142 days, 13:05:00",https://github.com/docker-library/openjdk/commit/db97c023c9f036d5e4df5fd9d1e5d21bdbabccce#diff-31ff710c1916600c32be9f16861da4912146febe4f3f07449443e7253bf11d57R14,https://github.com/docker-library/openjdk/commit/554ff38a160f896ddd7f0fdca1cd34817e253a56#diff-31ff710c1916600c32be9f16861da4912146febe4f3f07449443e7253bf11d57L15,,
8,"docker-library
rabbitmq",https://github.com/docker-library/rabbitmq,57831db8b9aaaaeb781f9ad8ea771940297bd6cc,f1e3be6aecba6db3cea294215d838c79b937943f,3.7/ubuntu/Dockerfile,"# TODO
# Install RabbitMQ
# Ensure RabbitMQ starts & rabbitmqctl works correctly",2019/01/15 18:45,2019/01/15 18:47,2019/01/15 18:45,2020/08/19 02:24,0:00:00,0:02:00,https://github.com/docker-library/rabbitmq/commit/57831db8b9aaaaeb781f9ad8ea771940297bd6cc#diff-e90d9a64a8b09c90ed599e23aebcbbed0782a15f1f291a1ae637c110a35f0007R136,https://github.com/docker-library/rabbitmq/commit/f1e3be6aecba6db3cea294215d838c79b937943f#diff-e90d9a64a8b09c90ed599e23aebcbbed0782a15f1f291a1ae637c110a35f0007L136,https://github.com/docker-library/rabbitmq/commit/1d70488e3336bd3f92226133b5077c48f5702c4b#diff-e90d9a64a8b09c90ed599e23aebcbbed0782a15f1f291a1ae637c110a35f0007R122,"# TODO
# Start with new FROM
# Copy necessary artefacts from openssl-otp
# Install RabbitMQ
# Ensure RabbitMQ starts & rabbitmqctl works correctly"
11,"docker-library
rabbitmq",https://github.com/docker-library/rabbitmq,21c07a969ba2bef48658cd05daca2d913d6549ce,990eaf99031a9b8facf7da87959acfd403c43388,3.7/ubuntu/Dockerfile,"# Add RabbitMQ to PATH, send all logs to TTY
# TODO @tianon is sbin a problem? Notice that I'm installing generic-unix, not the Debian package",2019/01/15 18:47,2019/01/15 19:14,2019/01/15 18:45,2020/08/19 02:24,0 days 00:02:00.000000000,0:27:00,https://github.com/docker-library/rabbitmq/commit/21c07a969ba2bef48658cd05daca2d913d6549ce#diff-e90d9a64a8b09c90ed599e23aebcbbed0782a15f1f291a1ae637c110a35f0007R224,https://github.com/docker-library/rabbitmq/commit/990eaf99031a9b8facf7da87959acfd403c43388#diff-e90d9a64a8b09c90ed599e23aebcbbed0782a15f1f291a1ae637c110a35f0007L224,,
12,"docker-library
rabbitmq",https://github.com/docker-library/rabbitmq,21c07a969ba2bef48658cd05daca2d913d6549ce,c9da62615be192ec875ad35072a193007ce63cbc,3.7/ubuntu/Dockerfile,"# TODO @tianon why is this necessary?
# RUN ln -sf ""/usr/lib/rabbitmq/lib/rabbitmq_server-$RABBITMQ_VERSION/plugins"" /plugins",2019/01/15 18:47,2019/01/15 19:12,2019/01/15 18:45,2020/08/19 02:24,0 days 00:02:00.000000000,0:25:00,https://github.com/docker-library/rabbitmq/commit/21c07a969ba2bef48658cd05daca2d913d6549ce#diff-e90d9a64a8b09c90ed599e23aebcbbed0782a15f1f291a1ae637c110a35f0007R215,https://github.com/docker-library/rabbitmq/commit/c9da62615be192ec875ad35072a193007ce63cbc#diff-e90d9a64a8b09c90ed599e23aebcbbed0782a15f1f291a1ae637c110a35f0007L215,,
13,"docker-library
rabbitmq",https://github.com/docker-library/rabbitmq,2f0a2a96fef956df0c6f30986cef7fdf79294599,5bfde9806e24cfd84437197d5d171caef2adcae3,3.7/ubuntu/Dockerfile,"# Delete all src dirs to keep the final image size down, they add an extra 19MB
# TODO @dumbbell could this be done better, in the build/install phases?",2019/01/15 18:47,2019/01/25 07:45,2019/01/15 18:45,2020/08/19 02:24,0:02:00,"9 days, 12:58:00",https://github.com/docker-library/rabbitmq/commit/2f0a2a96fef956df0c6f30986cef7fdf79294599#diff-e90d9a64a8b09c90ed599e23aebcbbed0782a15f1f291a1ae637c110a35f0007R150,https://github.com/docker-library/rabbitmq/commit/5bfde9806e24cfd84437197d5d171caef2adcae3#diff-e90d9a64a8b09c90ed599e23aebcbbed0782a15f1f291a1ae637c110a35f0007L157,https://github.com/docker-library/rabbitmq/commit/f1e3be6aecba6db3cea294215d838c79b937943f#diff-e90d9a64a8b09c90ed599e23aebcbbed0782a15f1f291a1ae637c110a35f0007R149,"# Delete all src dirs to keep the final image size down, they add an extra 19MB
# TODO Could this be done better?"
288,"nginxinc
docker-nginx",https://github.com/nginxinc/docker-nginx,0501f0b73fd7fbfb139d1e98a7fd3b63426b16a1,9a052e07b2c283df9960375ee40be50c5c462a7e,stable/alpine/Dockerfile,# fixme: needs to check out a tag on the next 1.14 release,2019/04/23 21:29,2019/04/23 21:49,2016/02/19 00:51,,1159 days 20:38:00.000000000,0:20:00,https://github.com/nginxinc/docker-nginx/commit/0501f0b73fd7fbfb139d1e98a7fd3b63426b16a1#diff-cce2b9fb5a5c5f84d47f3ad933ef82ca81f8e4d1d1709b2f0df340a93905f8caR68,https://github.com/nginxinc/docker-nginx/commit/9a052e07b2c283df9960375ee40be50c5c462a7e#diff-cce2b9fb5a5c5f84d47f3ad933ef82ca81f8e4d1d1709b2f0df340a93905f8caL68,,
287,"nginxinc
docker-nginx",https://github.com/nginxinc/docker-nginx,0501f0b73fd7fbfb139d1e98a7fd3b63426b16a1,9a052e07b2c283df9960375ee40be50c5c462a7e,stable/alpine-perl/Dockerfile,# fixme: needs to check out a tag on the next 1.14 release,2019/04/23 21:29,2019/04/23 21:49,2017/04/14 00:53,,739 days 20:36:00.000000000,0:20:00,https://github.com/nginxinc/docker-nginx/commit/0501f0b73fd7fbfb139d1e98a7fd3b63426b16a1#diff-17f5f8201393f7d7b59ed0cbab37c9706c14b18a60a56a5af14f880a2c16ffe5R69,https://github.com/nginxinc/docker-nginx/commit/9a052e07b2c283df9960375ee40be50c5c462a7e#diff-17f5f8201393f7d7b59ed0cbab37c9706c14b18a60a56a5af14f880a2c16ffe5L69,,
447,"docker-library
openjdk",https://github.com/docker-library/openjdk,3eb0351b208d739fac35345c85e3c6237c2114ec,e715db19b8abe216948ef5b81dcb352273bd69f3,8/jdk/slim-buster/Dockerfile,# TODO filter out arm64 for openjdk:8 (https://github.com/AdoptOpenJDK/openjdk8-upstream-binaries/releases/tag/jdk8u212-b04 vs https://github.com/AdoptOpenJDK/openjdk11-upstream-binaries/releases/tag/jdk-11.0.3%2B7),2019/05/24 05:11,2019/05/24 05:11,2017/07/22 02:32,,671 days 02:39:00.000000000,0:00:00,https://github.com/docker-library/openjdk/commit/3eb0351b208d739fac35345c85e3c6237c2114ec#diff-aae7d8cc3e09697ffda69deef9506ea7458a40dbba0e24dc3df4c89949581aebR23,https://github.com/docker-library/openjdk/commit/e715db19b8abe216948ef5b81dcb352273bd69f3#diff-aae7d8cc3e09697ffda69deef9506ea7458a40dbba0e24dc3df4c89949581aebL23,,
451,"docker-library
openjdk",https://github.com/docker-library/openjdk,3eb0351b208d739fac35345c85e3c6237c2114ec,e715db19b8abe216948ef5b81dcb352273bd69f3,Dockerfile-adopt-debian-slim.template,# TODO filter out arm64 for openjdk:8 (https://github.com/AdoptOpenJDK/openjdk8-upstream-binaries/releases/tag/jdk8u212-b04 vs https://github.com/AdoptOpenJDK/openjdk11-upstream-binaries/releases/tag/jdk-11.0.3%2B7),2019/05/24 05:11,2019/05/24 05:11,2019/05/24 05:11,,0 days 00:00:00.000000000,0:00:00,https://github.com/docker-library/openjdk/commit/3eb0351b208d739fac35345c85e3c6237c2114ec#diff-1693d9afa7164d4cb24a5c94466cbec4134e570b90d0835e1c7bcc7c90126a1cR23,https://github.com/docker-library/openjdk/commit/e715db19b8abe216948ef5b81dcb352273bd69f3#diff-1693d9afa7164d4cb24a5c94466cbec4134e570b90d0835e1c7bcc7c90126a1cL23,,
464,"docker-library
openjdk",https://github.com/docker-library/openjdk,3eb0351b208d739fac35345c85e3c6237c2114ec,e715db19b8abe216948ef5b81dcb352273bd69f3,11/jdk/slim-buster/Dockerfile,# TODO filter out arm64 for openjdk:8 (https://github.com/AdoptOpenJDK/openjdk8-upstream-binaries/releases/tag/jdk8u212-b04 vs https://github.com/AdoptOpenJDK/openjdk11-upstream-binaries/releases/tag/jdk-11.0.3%2B7),2019/05/24 05:11,2019/05/24 05:11,2018/04/17 09:20,,401 days 19:51:00.000000000,0:00:00,https://github.com/docker-library/openjdk/commit/3eb0351b208d739fac35345c85e3c6237c2114ec#diff-5e0e9889ae2ee57397e2f611c5e3367c0966a5c628a542c11a36fdc53147a6fcR23,https://github.com/docker-library/openjdk/commit/e715db19b8abe216948ef5b81dcb352273bd69f3#diff-5e0e9889ae2ee57397e2f611c5e3367c0966a5c628a542c11a36fdc53147a6fcL23,,
476,"docker-library
openjdk",https://github.com/docker-library/openjdk,3eb0351b208d739fac35345c85e3c6237c2114ec,e715db19b8abe216948ef5b81dcb352273bd69f3,8/jre/slim-buster/Dockerfile,# TODO filter out arm64 for openjdk:8 (https://github.com/AdoptOpenJDK/openjdk8-upstream-binaries/releases/tag/jdk8u212-b04 vs https://github.com/AdoptOpenJDK/openjdk11-upstream-binaries/releases/tag/jdk-11.0.3%2B7),2019/05/24 05:11,2019/05/24 05:11,2017/07/22 02:32,,671 days 02:39:00.000000000,0:00:00,https://github.com/docker-library/openjdk/commit/3eb0351b208d739fac35345c85e3c6237c2114ec#diff-fc425a0e54dcb94355da29ff828f6b402f1f4cacdab90f58695a3b656775c9bcR23,https://github.com/docker-library/openjdk/commit/e715db19b8abe216948ef5b81dcb352273bd69f3#diff-fc425a0e54dcb94355da29ff828f6b402f1f4cacdab90f58695a3b656775c9bcL23,,
392,"osrf
docker_images",https://github.com/osrf/docker_images,244cc8f750b08c8b63f6008708ee1c810d7cecc6,a832e77acaf5c962f6f03ff935a41d6680512d2a,ros2/source/devel/Dockerfile,"# FIXME This is a workaround for pytest not found causing builds to fail
# Following RUN statements tests for regression of https://github.com/ros2/ros2/issues/722",2019/06/05 01:02,2019/12/23 03:21,2019/03/26 02:43,,70 days 22:19:00.000000000,"201 days, 2:19:00",https://github.com/osrf/docker_images/commit/244cc8f750b08c8b63f6008708ee1c810d7cecc6#diff-a7c53e831f2652fb5117997cb77dfd2ad8b5c2a35faed77e7c76b73da3ec9708R53,https://github.com/osrf/docker_images/commit/a832e77acaf5c962f6f03ff935a41d6680512d2a#diff-a7c53e831f2652fb5117997cb77dfd2ad8b5c2a35faed77e7c76b73da3ec9708L54,,
390,"osrf
docker_images",https://github.com/osrf/docker_images,244cc8f750b08c8b63f6008708ee1c810d7cecc6,a832e77acaf5c962f6f03ff935a41d6680512d2a,ros2/nightly/nightly/Dockerfile,"# FIXME This is a workaround for pytest not found causing builds to fail
# Following RUN statements tests for regression of https://github.com/ros2/ros2/issues/722",2019/06/05 01:02,2019/12/23 03:21,2018/10/20 13:18,,227 days 11:44:00.000000000,"201 days, 2:19:00",https://github.com/osrf/docker_images/commit/244cc8f750b08c8b63f6008708ee1c810d7cecc6#diff-b11aa00e8ac757fecfd1f525771aa10997338f2f727239710d8595b0454efea8R57,https://github.com/osrf/docker_images/commit/a832e77acaf5c962f6f03ff935a41d6680512d2a#diff-b11aa00e8ac757fecfd1f525771aa10997338f2f727239710d8595b0454efea8L57,,
227,"docker-library
tomcat",https://github.com/docker-library/tomcat,58c79694a83a12077150ad57b8dd46296548b958,a2fbacac0f6aa427acd0f03edcfe4172959e941d,9.0/jdk11/corretto/Dockerfile,"# TODO handle ""$nativeBuildDeps"" in a similarly generic way?",2019/06/25 09:08,2019/06/26 18:00,2019/06/25 09:08,,0 days 00:00:00.000000000,"1 day, 8:52:00",https://github.com/docker-library/tomcat/commit/58c79694a83a12077150ad57b8dd46296548b958#diff-25c2a3cd572d19566969ec4f9abeebbb1dda4da07ac51d28c328169daf04ada0R106,https://github.com/docker-library/tomcat/commit/a2fbacac0f6aa427acd0f03edcfe4172959e941d#diff-25c2a3cd572d19566969ec4f9abeebbb1dda4da07ac51d28c328169daf04ada0L106,,
213,"docker-library
tomcat",https://github.com/docker-library/tomcat,58c79694a83a12077150ad57b8dd46296548b958,a2fbacac0f6aa427acd0f03edcfe4172959e941d,9.0/jdk8/corretto/Dockerfile,"# TODO handle ""$nativeBuildDeps"" in a similarly generic way?",2019/06/25 09:08,2019/06/26 18:00,2019/06/25 09:08,,0 days 00:00:00.000000000,"1 day, 8:52:00",https://github.com/docker-library/tomcat/commit/58c79694a83a12077150ad57b8dd46296548b958#diff-cfff33186f34315cdb61688e5a2949781b224091b4ee9185f53c9890f6b26a27R106,https://github.com/docker-library/tomcat/commit/a2fbacac0f6aa427acd0f03edcfe4172959e941d#diff-cfff33186f34315cdb61688e5a2949781b224091b4ee9185f53c9890f6b26a27L106,,
214,"docker-library
tomcat",https://github.com/docker-library/tomcat,58c79694a83a12077150ad57b8dd46296548b958,a2fbacac0f6aa427acd0f03edcfe4172959e941d,9.0/jdk8/corretto/Dockerfile,"# TODO should we leave these installed, or remove them too?",2019/06/25 09:08,2019/06/26 18:00,2019/06/25 09:08,,0 days 00:00:00.000000000,"1 day, 8:52:00",https://github.com/docker-library/tomcat/commit/58c79694a83a12077150ad57b8dd46296548b958#diff-cfff33186f34315cdb61688e5a2949781b224091b4ee9185f53c9890f6b26a27R62,https://github.com/docker-library/tomcat/commit/a2fbacac0f6aa427acd0f03edcfe4172959e941d#diff-cfff33186f34315cdb61688e5a2949781b224091b4ee9185f53c9890f6b26a27L62,,
215,"docker-library
tomcat",https://github.com/docker-library/tomcat,58c79694a83a12077150ad57b8dd46296548b958,a2fbacac0f6aa427acd0f03edcfe4172959e941d,9.0/jdk8/corretto/Dockerfile,"# http://yum.baseurl.org/wiki/YumDB.html (updating ""reason"" to ""user"" for tomcat-native build dependencies)
# TODO find a better/cleaner way to generically interact with the yumdb for the purposes of marking things as automatically/manually installed",2019/06/25 09:08,2019/06/26 18:00,2019/06/25 09:08,,0 days 00:00:00.000000000,"1 day, 8:52:00",https://github.com/docker-library/tomcat/commit/58c79694a83a12077150ad57b8dd46296548b958#diff-cfff33186f34315cdb61688e5a2949781b224091b4ee9185f53c9890f6b26a27R102,https://github.com/docker-library/tomcat/commit/a2fbacac0f6aa427acd0f03edcfe4172959e941d#diff-cfff33186f34315cdb61688e5a2949781b224091b4ee9185f53c9890f6b26a27L102,,
218,"docker-library
tomcat",https://github.com/docker-library/tomcat,58c79694a83a12077150ad57b8dd46296548b958,a2fbacac0f6aa427acd0f03edcfe4172959e941d,7/jdk8/corretto/Dockerfile,"# TODO handle ""$nativeBuildDeps"" in a similarly generic way?",2019/06/25 09:08,2019/06/26 18:00,2019/06/25 09:08,,0 days 00:00:00.000000000,"1 day, 8:52:00",https://github.com/docker-library/tomcat/commit/58c79694a83a12077150ad57b8dd46296548b958#diff-e96875e1590aa453e99061d586ca81841e21265daffc82894484dccadfc7b622R106,https://github.com/docker-library/tomcat/commit/a2fbacac0f6aa427acd0f03edcfe4172959e941d#diff-e96875e1590aa453e99061d586ca81841e21265daffc82894484dccadfc7b622L106,,
219,"docker-library
tomcat",https://github.com/docker-library/tomcat,58c79694a83a12077150ad57b8dd46296548b958,a2fbacac0f6aa427acd0f03edcfe4172959e941d,7/jdk8/corretto/Dockerfile,"# http://yum.baseurl.org/wiki/YumDB.html (updating ""reason"" to ""user"" for tomcat-native build dependencies)
# TODO find a better/cleaner way to generically interact with the yumdb for the purposes of marking things as automatically/manually installed",2019/06/25 09:08,2019/06/26 18:00,2019/06/25 09:08,,0 days 00:00:00.000000000,"1 day, 8:52:00",https://github.com/docker-library/tomcat/commit/58c79694a83a12077150ad57b8dd46296548b958#diff-e96875e1590aa453e99061d586ca81841e21265daffc82894484dccadfc7b622R102,https://github.com/docker-library/tomcat/commit/a2fbacac0f6aa427acd0f03edcfe4172959e941d#diff-e96875e1590aa453e99061d586ca81841e21265daffc82894484dccadfc7b622L102,,
220,"docker-library
tomcat",https://github.com/docker-library/tomcat,58c79694a83a12077150ad57b8dd46296548b958,a2fbacac0f6aa427acd0f03edcfe4172959e941d,7/jdk8/corretto/Dockerfile,"# TODO should we leave these installed, or remove them too?",2019/06/25 09:08,2019/06/26 18:00,2019/06/25 09:08,,0 days 00:00:00.000000000,"1 day, 8:52:00",https://github.com/docker-library/tomcat/commit/58c79694a83a12077150ad57b8dd46296548b958#diff-e96875e1590aa453e99061d586ca81841e21265daffc82894484dccadfc7b622R62,https://github.com/docker-library/tomcat/commit/a2fbacac0f6aa427acd0f03edcfe4172959e941d#diff-e96875e1590aa453e99061d586ca81841e21265daffc82894484dccadfc7b622L62,,
224,"docker-library
tomcat",https://github.com/docker-library/tomcat,58c79694a83a12077150ad57b8dd46296548b958,a2fbacac0f6aa427acd0f03edcfe4172959e941d,8.5/jdk11/corretto/Dockerfile,"# http://yum.baseurl.org/wiki/YumDB.html (updating ""reason"" to ""user"" for tomcat-native build dependencies)
# TODO find a better/cleaner way to generically interact with the yumdb for the purposes of marking things as automatically/manually installed",2019/06/25 09:08,2019/06/26 18:00,2019/06/25 09:08,,0 days 00:00:00.000000000,"1 day, 8:52:00",https://github.com/docker-library/tomcat/commit/58c79694a83a12077150ad57b8dd46296548b958#diff-39cdf0b178b9b5ebc38ffd49f7681e5a9fc1a20c5015339e2a66f5436892e4d4R102,https://github.com/docker-library/tomcat/commit/a2fbacac0f6aa427acd0f03edcfe4172959e941d#diff-39cdf0b178b9b5ebc38ffd49f7681e5a9fc1a20c5015339e2a66f5436892e4d4L102,,
225,"docker-library
tomcat",https://github.com/docker-library/tomcat,58c79694a83a12077150ad57b8dd46296548b958,a2fbacac0f6aa427acd0f03edcfe4172959e941d,8.5/jdk11/corretto/Dockerfile,"# TODO should we leave these installed, or remove them too?",2019/06/25 09:08,2019/06/26 18:00,2019/06/25 09:08,,0 days 00:00:00.000000000,"1 day, 8:52:00",https://github.com/docker-library/tomcat/commit/58c79694a83a12077150ad57b8dd46296548b958#diff-39cdf0b178b9b5ebc38ffd49f7681e5a9fc1a20c5015339e2a66f5436892e4d4R62,https://github.com/docker-library/tomcat/commit/a2fbacac0f6aa427acd0f03edcfe4172959e941d#diff-39cdf0b178b9b5ebc38ffd49f7681e5a9fc1a20c5015339e2a66f5436892e4d4L62,,
223,"docker-library
tomcat",https://github.com/docker-library/tomcat,58c79694a83a12077150ad57b8dd46296548b958,a2fbacac0f6aa427acd0f03edcfe4172959e941d,8.5/jdk11/corretto/Dockerfile,"# TODO handle ""$nativeBuildDeps"" in a similarly generic way?",2019/06/25 09:08,2019/06/26 18:00,2019/06/25 09:08,,0 days 00:00:00.000000000,"1 day, 8:52:00",https://github.com/docker-library/tomcat/commit/58c79694a83a12077150ad57b8dd46296548b958#diff-39cdf0b178b9b5ebc38ffd49f7681e5a9fc1a20c5015339e2a66f5436892e4d4R106,https://github.com/docker-library/tomcat/commit/a2fbacac0f6aa427acd0f03edcfe4172959e941d#diff-39cdf0b178b9b5ebc38ffd49f7681e5a9fc1a20c5015339e2a66f5436892e4d4L106,,
232,"docker-library
tomcat",https://github.com/docker-library/tomcat,58c79694a83a12077150ad57b8dd46296548b958,a2fbacac0f6aa427acd0f03edcfe4172959e941d,8.5/jdk8/corretto/Dockerfile,"# http://yum.baseurl.org/wiki/YumDB.html (updating ""reason"" to ""user"" for tomcat-native build dependencies)
# TODO find a better/cleaner way to generically interact with the yumdb for the purposes of marking things as automatically/manually installed",2019/06/25 09:08,2019/06/26 18:00,2019/06/25 09:08,,0 days 00:00:00.000000000,"1 day, 8:52:00",https://github.com/docker-library/tomcat/commit/58c79694a83a12077150ad57b8dd46296548b958#diff-0a2e242f01c0ba2a9e9bb89b0f35c4e23c61680d61d1fff5961ee300d85e03d5R102,https://github.com/docker-library/tomcat/commit/a2fbacac0f6aa427acd0f03edcfe4172959e941d#diff-0a2e242f01c0ba2a9e9bb89b0f35c4e23c61680d61d1fff5961ee300d85e03d5L102,,
229,"docker-library
tomcat",https://github.com/docker-library/tomcat,58c79694a83a12077150ad57b8dd46296548b958,a2fbacac0f6aa427acd0f03edcfe4172959e941d,9.0/jdk11/corretto/Dockerfile,"# http://yum.baseurl.org/wiki/YumDB.html (updating ""reason"" to ""user"" for tomcat-native build dependencies)
# TODO find a better/cleaner way to generically interact with the yumdb for the purposes of marking things as automatically/manually installed",2019/06/25 09:08,2019/06/26 18:00,2019/06/25 09:08,,0 days 00:00:00.000000000,"1 day, 8:52:00",https://github.com/docker-library/tomcat/commit/58c79694a83a12077150ad57b8dd46296548b958#diff-25c2a3cd572d19566969ec4f9abeebbb1dda4da07ac51d28c328169daf04ada0R102,https://github.com/docker-library/tomcat/commit/a2fbacac0f6aa427acd0f03edcfe4172959e941d#diff-25c2a3cd572d19566969ec4f9abeebbb1dda4da07ac51d28c328169daf04ada0L102,,
231,"docker-library
tomcat",https://github.com/docker-library/tomcat,58c79694a83a12077150ad57b8dd46296548b958,a2fbacac0f6aa427acd0f03edcfe4172959e941d,8.5/jdk8/corretto/Dockerfile,"# TODO handle ""$nativeBuildDeps"" in a similarly generic way?",2019/06/25 09:08,2019/06/26 18:00,2019/06/25 09:08,,0 days 00:00:00.000000000,"1 day, 8:52:00",https://github.com/docker-library/tomcat/commit/58c79694a83a12077150ad57b8dd46296548b958#diff-0a2e242f01c0ba2a9e9bb89b0f35c4e23c61680d61d1fff5961ee300d85e03d5R106,https://github.com/docker-library/tomcat/commit/a2fbacac0f6aa427acd0f03edcfe4172959e941d#diff-0a2e242f01c0ba2a9e9bb89b0f35c4e23c61680d61d1fff5961ee300d85e03d5L106,,
237,"docker-library
tomcat",https://github.com/docker-library/tomcat,58c79694a83a12077150ad57b8dd46296548b958,a2fbacac0f6aa427acd0f03edcfe4172959e941d,Dockerfile-yum.template,"# TODO handle ""$nativeBuildDeps"" in a similarly generic way?",2019/06/25 09:08,2019/06/26 18:00,2019/06/25 09:08,,0 days 00:00:00.000000000,"1 day, 8:52:00",https://github.com/docker-library/tomcat/commit/58c79694a83a12077150ad57b8dd46296548b958#diff-ca65686d2c1e8579d211c58e77625fffc791f89227f5e8bc90e0c99ef1528dedR106,https://github.com/docker-library/tomcat/commit/a2fbacac0f6aa427acd0f03edcfe4172959e941d#diff-ca65686d2c1e8579d211c58e77625fffc791f89227f5e8bc90e0c99ef1528dedL106,,
233,"docker-library
tomcat",https://github.com/docker-library/tomcat,58c79694a83a12077150ad57b8dd46296548b958,a2fbacac0f6aa427acd0f03edcfe4172959e941d,8.5/jdk8/corretto/Dockerfile,"# TODO should we leave these installed, or remove them too?",2019/06/25 09:08,2019/06/26 18:00,2019/06/25 09:08,,0 days 00:00:00.000000000,"1 day, 8:52:00",https://github.com/docker-library/tomcat/commit/58c79694a83a12077150ad57b8dd46296548b958#diff-0a2e242f01c0ba2a9e9bb89b0f35c4e23c61680d61d1fff5961ee300d85e03d5R62,https://github.com/docker-library/tomcat/commit/a2fbacac0f6aa427acd0f03edcfe4172959e941d#diff-0a2e242f01c0ba2a9e9bb89b0f35c4e23c61680d61d1fff5961ee300d85e03d5L62,,
228,"docker-library
tomcat",https://github.com/docker-library/tomcat,58c79694a83a12077150ad57b8dd46296548b958,a2fbacac0f6aa427acd0f03edcfe4172959e941d,9.0/jdk11/corretto/Dockerfile,"# TODO should we leave these installed, or remove them too?",2019/06/25 09:08,2019/06/26 18:00,2019/06/25 09:08,,0 days 00:00:00.000000000,"1 day, 8:52:00",https://github.com/docker-library/tomcat/commit/58c79694a83a12077150ad57b8dd46296548b958#diff-25c2a3cd572d19566969ec4f9abeebbb1dda4da07ac51d28c328169daf04ada0R62,https://github.com/docker-library/tomcat/commit/a2fbacac0f6aa427acd0f03edcfe4172959e941d#diff-25c2a3cd572d19566969ec4f9abeebbb1dda4da07ac51d28c328169daf04ada0L62,,
235,"docker-library
tomcat",https://github.com/docker-library/tomcat,58c79694a83a12077150ad57b8dd46296548b958,a2fbacac0f6aa427acd0f03edcfe4172959e941d,Dockerfile-yum.template,"# TODO should we leave these installed, or remove them too?",2019/06/25 09:08,2019/06/26 18:00,2019/06/25 09:08,,0 days 00:00:00.000000000,"1 day, 8:52:00",https://github.com/docker-library/tomcat/commit/58c79694a83a12077150ad57b8dd46296548b958#diff-ca65686d2c1e8579d211c58e77625fffc791f89227f5e8bc90e0c99ef1528dedR62,https://github.com/docker-library/tomcat/commit/a2fbacac0f6aa427acd0f03edcfe4172959e941d#diff-ca65686d2c1e8579d211c58e77625fffc791f89227f5e8bc90e0c99ef1528dedL62,,
236,"docker-library
tomcat",https://github.com/docker-library/tomcat,58c79694a83a12077150ad57b8dd46296548b958,a2fbacac0f6aa427acd0f03edcfe4172959e941d,Dockerfile-yum.template,"# http://yum.baseurl.org/wiki/YumDB.html (updating ""reason"" to ""user"" for tomcat-native build dependencies)
# TODO find a better/cleaner way to generically interact with the yumdb for the purposes of marking things as automatically/manually installed",2019/06/25 09:08,2019/06/26 18:00,2019/06/25 09:08,,0 days 00:00:00.000000000,"1 day, 8:52:00",https://github.com/docker-library/tomcat/commit/58c79694a83a12077150ad57b8dd46296548b958#diff-ca65686d2c1e8579d211c58e77625fffc791f89227f5e8bc90e0c99ef1528dedR102,https://github.com/docker-library/tomcat/commit/a2fbacac0f6aa427acd0f03edcfe4172959e941d#diff-ca65686d2c1e8579d211c58e77625fffc791f89227f5e8bc90e0c99ef1528dedL102,,
196,"docker-library
redmine",https://github.com/docker-library/redmine,0ca74edc277862714856657aa9df3b7fab4d4b6f,67c2d1fb82009c8663487679fb7fcd3486df3c06,4.0/alpine/Dockerfile,"# Todo: remove build dependencies
#	runDeps=""$( \
#		scanelf --needed --nobanner --format '%n#p' --recursive /usr/local/bundle/gems \
#		| tr ',' '\n' \
#		| sort -u \
#		| awk 'system(""[ -e /usr/local/lib/"" $1 "" ]"") == 0 { next } { print ""so:"" $1 }' \
#	)""; \
#	apk add --virtual .redmine-rundeps $runDeps; \
#	apk del .build-deps",2019/07/18 07:16,2019/07/18 07:16,2019/07/18 07:16,,0 days 00:00:00.000000000,0:00:00,https://github.com/docker-library/redmine/commit/0ca74edc277862714856657aa9df3b7fab4d4b6f#diff-995387fb83065a68086235e1338d9e926f921b78080ca68a73ef00a5d82b71c0R85,https://github.com/docker-library/redmine/commit/67c2d1fb82009c8663487679fb7fcd3486df3c06#diff-995387fb83065a68086235e1338d9e926f921b78080ca68a73ef00a5d82b71c0L85,,
195,"docker-library
redmine",https://github.com/docker-library/redmine,0ca74edc277862714856657aa9df3b7fab4d4b6f,67c2d1fb82009c8663487679fb7fcd3486df3c06,3.4/alpine/Dockerfile,"# Todo: remove build dependencies
#	runDeps=""$( \
#		scanelf --needed --nobanner --format '%n#p' --recursive /usr/local/bundle/gems \
#		| tr ',' '\n' \
#		| sort -u \
#		| awk 'system(""[ -e /usr/local/lib/"" $1 "" ]"") == 0 { next } { print ""so:"" $1 }' \
#	)""; \
#	apk add --virtual .redmine-rundeps $runDeps; \
#	apk del .build-deps",2019/07/18 07:16,2019/07/18 07:16,2019/07/18 07:16,2020/04/15 06:06,0 days 00:00:00.000000000,0:00:00,https://github.com/docker-library/redmine/commit/0ca74edc277862714856657aa9df3b7fab4d4b6f#diff-1366783ab73b9428507b0edbe7029db0b1373ca70c5a677c9c6fb2ea8c9a8aa7R85,https://github.com/docker-library/redmine/commit/67c2d1fb82009c8663487679fb7fcd3486df3c06#diff-1366783ab73b9428507b0edbe7029db0b1373ca70c5a677c9c6fb2ea8c9a8aa7L85,,
197,"docker-library
redmine",https://github.com/docker-library/redmine,0ca74edc277862714856657aa9df3b7fab4d4b6f,67c2d1fb82009c8663487679fb7fcd3486df3c06,Dockerfile-alpine.template,"# Todo: remove build dependencies
#	runDeps=""$( \
#		scanelf --needed --nobanner --format '%n#p' --recursive /usr/local/bundle/gems \
#		| tr ',' '\n' \
#		| sort -u \
#		| awk 'system(""[ -e /usr/local/lib/"" $1 "" ]"") == 0 { next } { print ""so:"" $1 }' \
#	)""; \
#	apk add --virtual .redmine-rundeps $runDeps; \
#	apk del .build-deps",2019/07/18 07:16,2019/07/18 07:16,2019/07/18 07:16,,0 days 00:00:00.000000000,0:00:00,https://github.com/docker-library/redmine/commit/0ca74edc277862714856657aa9df3b7fab4d4b6f#diff-722d6d1c37929236485bf8cf77a789332425cc25cc6a78ebca348d96eeb971cdR85,https://github.com/docker-library/redmine/commit/67c2d1fb82009c8663487679fb7fcd3486df3c06#diff-722d6d1c37929236485bf8cf77a789332425cc25cc6a78ebca348d96eeb971cdL85,,
305,"docker-library
drupal",https://github.com/docker-library/drupal,b05d762e4fa8ff852649ed6673c5653d9bb18401,71ffa1cde017936514d24d64127fb78956ea5c1b,Dockerfile-debian.template,# TODO switch to buster once https://github.com/docker-library/php/issues/865 is resolved in a clean way (either in the PHP image or in PHP itself),2019/07/20 05:49,2020/07/17 08:48,2018/02/15 10:18,,519 days 19:31:00.000000000,"363 days, 2:59:00",https://github.com/docker-library/drupal/commit/b05d762e4fa8ff852649ed6673c5653d9bb18401#diff-79e47e40e79d9731a46d49fe6b1b2e6a9e3ed637df8c855acf5e864ca98f3655R3,https://github.com/docker-library/drupal/commit/71ffa1cde017936514d24d64127fb78956ea5c1b#diff-79e47e40e79d9731a46d49fe6b1b2e6a9e3ed637df8c855acf5e864ca98f3655L3,,
304,"docker-library
drupal",https://github.com/docker-library/drupal,b05d762e4fa8ff852649ed6673c5653d9bb18401,71ffa1cde017936514d24d64127fb78956ea5c1b,7/apache-buster/Dockerfile,# TODO switch to buster once https://github.com/docker-library/php/issues/865 is resolved in a clean way (either in the PHP image or in PHP itself),2019/07/20 05:49,2020/07/17 08:48,2015/04/15 08:20,,1556 days 21:29:00.000000000,"363 days, 2:59:00",https://github.com/docker-library/drupal/commit/b05d762e4fa8ff852649ed6673c5653d9bb18401#diff-3fa3cf130849a412768bf3f1a88bf5b2de007211e74fe456e54b10351317d2e7R3,https://github.com/docker-library/drupal/commit/71ffa1cde017936514d24d64127fb78956ea5c1b#diff-3fa3cf130849a412768bf3f1a88bf5b2de007211e74fe456e54b10351317d2e7L3,,
298,"docker-library
drupal",https://github.com/docker-library/drupal,b05d762e4fa8ff852649ed6673c5653d9bb18401,71ffa1cde017936514d24d64127fb78956ea5c1b,8.8/fpm-buster/Dockerfile,# TODO switch to buster once https://github.com/docker-library/php/issues/865 is resolved in a clean way (either in the PHP image or in PHP itself),2019/07/20 05:49,2020/07/17 08:48,2018/03/29 09:03,,477 days 20:46:00.000000000,"363 days, 2:59:00",https://github.com/docker-library/drupal/commit/b05d762e4fa8ff852649ed6673c5653d9bb18401#diff-5a9e41bdeae902b4b6262639658a388dd783cca0ac1688d638a4da9eed21b7e6R3,https://github.com/docker-library/drupal/commit/71ffa1cde017936514d24d64127fb78956ea5c1b#diff-c6f9bc7eab08a0b18c57f17690a4faf8cbc591b2ed91731da3c6a3fa8817a183L3,,
302,"docker-library
drupal",https://github.com/docker-library/drupal,b05d762e4fa8ff852649ed6673c5653d9bb18401,71ffa1cde017936514d24d64127fb78956ea5c1b,7/fpm-buster/Dockerfile,# TODO switch to buster once https://github.com/docker-library/php/issues/865 is resolved in a clean way (either in the PHP image or in PHP itself),2019/07/20 05:49,2020/07/17 08:48,2016/02/09 05:55,,1256 days 23:54:00.000000000,"363 days, 2:59:00",https://github.com/docker-library/drupal/commit/b05d762e4fa8ff852649ed6673c5653d9bb18401#diff-28937cf443ebdbf78581d81e2de1ef5b4c1640dafa0f900bd75980e1fb79f740R3,https://github.com/docker-library/drupal/commit/71ffa1cde017936514d24d64127fb78956ea5c1b#diff-28937cf443ebdbf78581d81e2de1ef5b4c1640dafa0f900bd75980e1fb79f740L3,,
301,"docker-library
drupal",https://github.com/docker-library/drupal,b05d762e4fa8ff852649ed6673c5653d9bb18401,71ffa1cde017936514d24d64127fb78956ea5c1b,8.9/fpm-buster/Dockerfile,# TODO switch to buster once https://github.com/docker-library/php/issues/865 is resolved in a clean way (either in the PHP image or in PHP itself),2019/07/20 05:49,2020/07/17 08:48,2017/02/02 13:15,,897 days 16:34:00.000000000,"363 days, 2:59:00",https://github.com/docker-library/drupal/commit/b05d762e4fa8ff852649ed6673c5653d9bb18401#diff-0863e8028eea6be66a518d477b8b5f8243774440ad7ce9c68190428f5d4fe1e0R3,https://github.com/docker-library/drupal/commit/71ffa1cde017936514d24d64127fb78956ea5c1b#diff-3249e413dac28d7e17ecfc12a54ec6233c49ffe7874615d82c03c52b9e533a64L3,,
299,"docker-library
drupal",https://github.com/docker-library/drupal,b05d762e4fa8ff852649ed6673c5653d9bb18401,71ffa1cde017936514d24d64127fb78956ea5c1b,8.8/apache-buster/Dockerfile,# TODO switch to buster once https://github.com/docker-library/php/issues/865 is resolved in a clean way (either in the PHP image or in PHP itself),2019/07/20 05:49,2020/07/17 08:48,2017/08/04 22:07,,714 days 07:42:00.000000000,"363 days, 2:59:00",https://github.com/docker-library/drupal/commit/b05d762e4fa8ff852649ed6673c5653d9bb18401#diff-bf7c75427ec1e40ee81882aa86414b87946ff95788cd1a76de8093c75b923e85R3,https://github.com/docker-library/drupal/commit/71ffa1cde017936514d24d64127fb78956ea5c1b#diff-42b92532ba749959a237d0279a8a4004d664f23abad023482914f4e6e70a22abL3,,
300,"docker-library
drupal",https://github.com/docker-library/drupal,b05d762e4fa8ff852649ed6673c5653d9bb18401,71ffa1cde017936514d24d64127fb78956ea5c1b,8.9/apache-buster/Dockerfile,# TODO switch to buster once https://github.com/docker-library/php/issues/865 is resolved in a clean way (either in the PHP image or in PHP itself),2019/07/20 05:49,2020/07/17 08:48,2017/02/02 13:15,,897 days 16:34:00.000000000,"363 days, 2:59:00",https://github.com/docker-library/drupal/commit/b05d762e4fa8ff852649ed6673c5653d9bb18401#diff-2573b3fac5f223a85eafa0716a893b844503af7892ba012b23a328d1c9f82bbeR3,https://github.com/docker-library/drupal/commit/71ffa1cde017936514d24d64127fb78956ea5c1b#diff-7f71ea2da6476d45c3f22b0226f7ebd15384f0ad9a0edaceac81b13c4bd7115bL3,,
396,"caddyserver
caddy-docker",https://github.com/caddyserver/caddy-docker,e57e714a75e86e3ba872b0d3885056155f25a237,b665b72798e3e26c9483d3df80af3515e1c0c016,2.0/alpine/Dockerfile,# TODO: alter filename after v2 release (version will be taken out of name),2020/03/11 10:38,2020/04/14 11:56,2019/10/19 05:34,2020/06/30 03:37,"144 days, 5:04:00","34 days, 1:18:00",https://github.com/caddyserver/caddy-docker/commit/e57e714a75e86e3ba872b0d3885056155f25a237#diff-86bf175f2e6e05c2f1307ec16481ae84c75506c1261e550fa8212e380d25eadbR21,https://github.com/caddyserver/caddy-docker/commit/b665b72798e3e26c9483d3df80af3515e1c0c016#diff-86bf175f2e6e05c2f1307ec16481ae84c75506c1261e550fa8212e380d25eadbL21,https://github.com/caddyserver/caddy-docker/commit/dbdd5294d5172438253ed6b5793b26e26ef30eb5#diff-86bf175f2e6e05c2f1307ec16481ae84c75506c1261e550fa8212e380d25eadbR21,# TODO: alter filename after v2 relese (version will be taken out of name)
368,"tianon
dockerfiles",https://github.com/tianon/dockerfiles,16243eae94d9f611d158fb2dc03a0393630c47cc,52ad7a1e45f4f92477692d5f2982af599fdc5f7e,speedtest/Dockerfile,"# TODO verify that ookla's ""armhf"" really is armv6",2020/04/30 08:18,2020/09/15 01:31,2014/07/12 10:24,,2118 days 21:54:00.000000000,"137 days, 17:13:00",https://github.com/tianon/dockerfiles/commit/16243eae94d9f611d158fb2dc03a0393630c47cc#diff-f5bbe00c150815fc7c10fe34662fb8ce6e67f3dde475237ca84e7a81bee57ad3R10,https://github.com/tianon/dockerfiles/commit/52ad7a1e45f4f92477692d5f2982af599fdc5f7e#diff-f5bbe00c150815fc7c10fe34662fb8ce6e67f3dde475237ca84e7a81bee57ad3L10,,
369,"tianon
dockerfiles",https://github.com/tianon/dockerfiles,16243eae94d9f611d158fb2dc03a0393630c47cc,52ad7a1e45f4f92477692d5f2982af599fdc5f7e,speedtest/Dockerfile,"# TODO figure out what ookla means by their bare ""arm"" arch",2020/04/30 08:18,2020/09/15 01:31,2014/07/12 10:24,,2118 days 21:54:00.000000000,"137 days, 17:13:00",https://github.com/tianon/dockerfiles/commit/16243eae94d9f611d158fb2dc03a0393630c47cc#diff-f5bbe00c150815fc7c10fe34662fb8ce6e67f3dde475237ca84e7a81bee57ad3R13,https://github.com/tianon/dockerfiles/commit/52ad7a1e45f4f92477692d5f2982af599fdc5f7e#diff-f5bbe00c150815fc7c10fe34662fb8ce6e67f3dde475237ca84e7a81bee57ad3L13,,
386,"tianon
dockerfiles",https://github.com/tianon/dockerfiles,848b89e8272c2689af1499cc7642d3f3c9a31337,411047ef1ca2cc9ad07033680475386c31500e1f,toybox/Dockerfile,"# TODO set ""TARGET"" appropriately based on ""apk --print-arch"" to avoid ""uname -m"" detection",2020/09/04 06:28,2020/09/04 06:48,2020/09/04 06:23,,0 days 00:05:00.000000000,0:20:00,https://github.com/tianon/dockerfiles/commit/848b89e8272c2689af1499cc7642d3f3c9a31337#diff-a90fbaa1071eb3e779207bab98f9cc1c640a8bde4f8e6bd9430eb5d76a022e95R25,https://github.com/tianon/dockerfiles/commit/411047ef1ca2cc9ad07033680475386c31500e1f#diff-a90fbaa1071eb3e779207bab98f9cc1c640a8bde4f8e6bd9430eb5d76a022e95L25,,
