,project,gitPath,CommitID,Deleted CommitID,Dockerfile,LatestDockerfile,Comment,CommitDate,DeleteComment,(File) FirstCommit,(File) Deleted,isSATD,firstCommitからコメント追加までの日数,コメント追加からコメント削除までの日数,追加時ファイル,削除時ファイル
15,"docker-library
rabbitmq",https://github.com/docker-library/rabbitmq,820e85707b885356d3697fa89cfb2538b2e6c53d,80a9f541308d945c6beea8b6aff472e375a018cd,3.7.9/ubuntu/Dockerfile,3.7.9/ubuntu/Dockerfile,"# TODO add PGP checking when the feature will be added to Erlang/OTP's build system
# http://erlang.org/pipermail/erlang-questions/2019-January/097067.html
",2019/02/13 11:01,2019/02/15 09:17,2019/02/13 11:01,2019/02/15 09:17,1,0 days 00:00:00.000000000,ファイル削除,https://github.com/docker-library/rabbitmq/commit/820e85707b885356d3697fa89cfb2538b2e6c53d#diff-f65b5ef40430c8d9f187d00fd973dd71,https://github.com/docker-library/rabbitmq/commit/80a9f541308d945c6beea8b6aff472e375a018cd#diff-f65b5ef40430c8d9f187d00fd973dd71
16,"docker-library
rabbitmq",https://github.com/docker-library/rabbitmq,820e85707b885356d3697fa89cfb2538b2e6c53d,80a9f541308d945c6beea8b6aff472e375a018cd,3.7.9/alpine/Dockerfile,3.7.9/alpine/Dockerfile,"# TODO add PGP checking when the feature will be added to Erlang/OTP's build system
# http://erlang.org/pipermail/erlang-questions/2019-January/097067.html
",2019/02/13 11:01,2019/02/15 09:17,2019/02/13 11:01,2019/02/15 09:17,1,0 days 00:00:00.000000000,ファイル削除,https://github.com/docker-library/rabbitmq/commit/820e85707b885356d3697fa89cfb2538b2e6c53d#diff-6660603537af142c4b57b722374590bb,https://github.com/docker-library/rabbitmq/commit/80a9f541308d945c6beea8b6aff472e375a018cd#diff-6660603537af142c4b57b722374590bb
17,"docker-library
rabbitmq",https://github.com/docker-library/rabbitmq,820e85707b885356d3697fa89cfb2538b2e6c53d,80a9f541308d945c6beea8b6aff472e375a018cd,3.7.9/windows/Dockerfile,3.7.9/windows/Dockerfile,"# TODO verification
",2019/02/13 11:01,2019/02/15 09:17,2019/02/13 11:01,2019/02/15 09:17,1,0 days 00:00:00.000000000,ファイル削除,https://github.com/docker-library/rabbitmq/commit/820e85707b885356d3697fa89cfb2538b2e6c53d#diff-53cd167f0d098399ec3086089e230e49,https://github.com/docker-library/rabbitmq/commit/80a9f541308d945c6beea8b6aff472e375a018cd#diff-53cd167f0d098399ec3086089e230e49
18,"docker-library
rabbitmq",https://github.com/docker-library/rabbitmq,820e85707b885356d3697fa89cfb2538b2e6c53d,80a9f541308d945c6beea8b6aff472e375a018cd,3.7.9/windows/Dockerfile,3.7.9/windows/Dockerfile,"# TODO RABBITMQ_DATA_DIR

# TODO CMD [""rabbitmq-server""]
",2019/02/13 11:01,2019/02/15 09:17,2019/02/13 11:01,2019/02/15 09:17,1,0 days 00:00:00.000000000,ファイル削除,https://github.com/docker-library/rabbitmq/commit/820e85707b885356d3697fa89cfb2538b2e6c53d#diff-53cd167f0d098399ec3086089e230e49,https://github.com/docker-library/rabbitmq/commit/80a9f541308d945c6beea8b6aff472e375a018cd#diff-53cd167f0d098399ec3086089e230e49
26,"docker-library
ruby",https://github.com/docker-library/ruby,a7a74d43ec21a6e589113be56024df083ff320ab,0522484eefcb89bcf766277dffcc3003b3ee09f5,2.4/alpine3.6/Dockerfile,2.4/alpine3.6/Dockerfile,"# hack in ""ENABLE_PATH_CHECK"" disabling to suppress:
#   warning: Insecure world writable dir
",2017/08/05 04:42,2018/10/20 06:01,2017/08/05 04:42,2018/10/20 06:01,1,0 days 00:00:00.000000000,ファイル削除,https://github.com/docker-library/ruby/commit/a7a74d43ec21a6e589113be56024df083ff320ab#diff-56419e5620728c519c01b03021de7ada,https://github.com/docker-library/ruby/commit/0522484eefcb89bcf766277dffcc3003b3ee09f5#diff-56419e5620728c519c01b03021de7ada
49,"docker-library
ruby",https://github.com/docker-library/ruby,281978ef87397763e377774740d82c8d87674ae9,44c06085695b3654999e2fa23c744c091551883b,2.1/Dockerfile,2.1/Dockerfile,"# hack in ""ENABLE_PATH_CHECK"" disabling to suppress:
#   warning: Insecure world writable dir
",2016/09/21 02:20,2017/07/06 03:06,2014/08/13 05:16,2017/07/06 03:06,1,769 days 21:04:00.000000000,ファイル削除,https://github.com/docker-library/ruby/commit/281978ef87397763e377774740d82c8d87674ae9#diff-857017074c06fd516ec61726c022b79e,https://github.com/docker-library/ruby/commit/44c06085695b3654999e2fa23c744c091551883b#diff-857017074c06fd516ec61726c022b79e
50,"docker-library
ruby",https://github.com/docker-library/ruby,281978ef87397763e377774740d82c8d87674ae9,494b0dd834fbf0f2916a35be99023af930b4779b,2.2/Dockerfile,2.2/jessie/Dockerfile,"# hack in ""ENABLE_PATH_CHECK"" disabling to suppress:
#   warning: Insecure world writable dir
",2016/09/21 02:20,2018/05/23 06:05,2014/12/18 06:50,2018/05/23 06:05,1,642 days 19:30:00.000000000,ファイル削除,https://github.com/docker-library/ruby/commit/281978ef87397763e377774740d82c8d87674ae9#diff-98580b7f042313298de56e3986eb08e9,https://github.com/docker-library/ruby/commit/494b0dd834fbf0f2916a35be99023af930b4779b#diff-7a22c81987aca8ad8b05cac68d054943
51,"docker-library
ruby",https://github.com/docker-library/ruby,281978ef87397763e377774740d82c8d87674ae9,494b0dd834fbf0f2916a35be99023af930b4779b,2.2/alpine/Dockerfile,2.2/alpine3.4/Dockerfile,"# hack in ""ENABLE_PATH_CHECK"" disabling to suppress:
#   warning: Insecure world writable dir
",2016/09/21 02:20,2018/05/23 06:05,2016/01/30 03:39,2018/05/23 06:05,1,234 days 22:41:00.000000000,ファイル削除,https://github.com/docker-library/ruby/commit/281978ef87397763e377774740d82c8d87674ae9#diff-48b48e4c8657f7c9f7f21560561844d1,https://github.com/docker-library/ruby/commit/494b0dd834fbf0f2916a35be99023af930b4779b#diff-1bf68340bf96c66498d4ea231f045ad8
52,"docker-library
ruby",https://github.com/docker-library/ruby,281978ef87397763e377774740d82c8d87674ae9,494b0dd834fbf0f2916a35be99023af930b4779b,2.2/slim/Dockerfile,2.2/jessie/slim/Dockerfile,"# hack in ""ENABLE_PATH_CHECK"" disabling to suppress:
#   warning: Insecure world writable dir
",2016/09/21 02:20,2018/05/23 06:05,2015/01/24 08:59,2018/05/23 06:05,1,605 days 17:21:00.000000000,ファイル削除,https://github.com/docker-library/ruby/commit/281978ef87397763e377774740d82c8d87674ae9#diff-cdbc739109762201e525c2a289c4df9d,https://github.com/docker-library/ruby/commit/494b0dd834fbf0f2916a35be99023af930b4779b#diff-e6d583f79d2a473dcc28158de5e9e836
53,"docker-library
ruby",https://github.com/docker-library/ruby,281978ef87397763e377774740d82c8d87674ae9,44c06085695b3654999e2fa23c744c091551883b,2.1/alpine/Dockerfile,2.1/alpine/Dockerfile,"# hack in ""ENABLE_PATH_CHECK"" disabling to suppress:
#   warning: Insecure world writable dir
",2016/09/21 02:20,2017/07/06 03:06,2016/01/30 03:39,2017/07/06 03:06,1,234 days 22:41:00.000000000,ファイル削除,https://github.com/docker-library/ruby/commit/281978ef87397763e377774740d82c8d87674ae9#diff-a68c083598cb36cf70eaaead1ae18581,https://github.com/docker-library/ruby/commit/44c06085695b3654999e2fa23c744c091551883b#diff-a68c083598cb36cf70eaaead1ae18581
54,"docker-library
ruby",https://github.com/docker-library/ruby,281978ef87397763e377774740d82c8d87674ae9,44c06085695b3654999e2fa23c744c091551883b,2.1/slim/Dockerfile,2.1/slim/Dockerfile,"# hack in ""ENABLE_PATH_CHECK"" disabling to suppress:
#   warning: Insecure world writable dir
",2016/09/21 02:20,2017/07/06 03:06,2015/01/17 10:29,2017/07/06 03:06,1,612 days 15:51:00.000000000,ファイル削除,https://github.com/docker-library/ruby/commit/281978ef87397763e377774740d82c8d87674ae9#diff-51efdefff441550df03d08a81a154651,https://github.com/docker-library/ruby/commit/44c06085695b3654999e2fa23c744c091551883b#diff-51efdefff441550df03d08a81a154651
55,"docker-library
ruby",https://github.com/docker-library/ruby,6959194971f4f84e9bef2976ae6b8a469fa58dae,6ad601794e06ec986cdebc7365c53ca7b05f9e32,2.5-rc/alpine3.6/Dockerfile,2.5-rc/alpine3.6/Dockerfile,"# hack in ""ENABLE_PATH_CHECK"" disabling to suppress:
#   warning: Insecure world writable dir
",2017/10/22 08:56,2017/12/09 08:30,2017/10/22 08:56,2017/12/09 08:30,1,0 days 00:00:00.000000000,ファイル削除,https://github.com/docker-library/ruby/commit/6959194971f4f84e9bef2976ae6b8a469fa58dae#diff-0fd79e165edb13700be8c33c438ddac0,https://github.com/docker-library/ruby/commit/6ad601794e06ec986cdebc7365c53ca7b05f9e32#diff-0fd79e165edb13700be8c33c438ddac0
178,"docker-library
redis",https://github.com/docker-library/redis,0b2910f292fa6ac32318cb2acc84355b11aa8a7a,9a598d433acf8fbf3d1f07223c164b3bd7ead3b3,4.0/alpine/Dockerfile,4.0/alpine/Dockerfile,"# TODO https://github.com/antirez/redis/pull/3494 (deduplicate ""redis-server"" copies)
",2019/08/02 06:14,2020/05/01 00:20,2017/07/15 00:10,2020/05/01 00:20,1,748 days 06:04:00.000000000,ファイル削除,https://github.com/docker-library/redis/commit/0b2910f292fa6ac32318cb2acc84355b11aa8a7a#diff-c818f0b4c11b5c81f00f4619f71c6b80,https://github.com/docker-library/redis/commit/9a598d433acf8fbf3d1f07223c164b3bd7ead3b3#diff-c818f0b4c11b5c81f00f4619f71c6b80
185,"docker-library
redis",https://github.com/docker-library/redis,0b2910f292fa6ac32318cb2acc84355b11aa8a7a,9a598d433acf8fbf3d1f07223c164b3bd7ead3b3,4.0/32bit/Dockerfile,4.0/32bit/Dockerfile,"# TODO https://github.com/antirez/redis/pull/3494 (deduplicate ""redis-server"" copies)
",2019/08/02 06:14,2020/05/01 00:20,2015/07/16 05:59,2020/05/01 00:20,1,1478 days 00:15:00.000000000,ファイル削除,https://github.com/docker-library/redis/commit/0b2910f292fa6ac32318cb2acc84355b11aa8a7a#diff-d3ac17aae384a7e89cc0b7645bd38cac,https://github.com/docker-library/redis/commit/9a598d433acf8fbf3d1f07223c164b3bd7ead3b3#diff-d3ac17aae384a7e89cc0b7645bd38cac
188,"docker-library
redis",https://github.com/docker-library/redis,0b2910f292fa6ac32318cb2acc84355b11aa8a7a,9a598d433acf8fbf3d1f07223c164b3bd7ead3b3,4.0/Dockerfile,4.0/Dockerfile,"# TODO https://github.com/antirez/redis/pull/3494 (deduplicate ""redis-server"" copies)
",2019/08/02 06:14,2020/05/01 00:20,2015/04/02 02:26,2020/05/01 00:20,1,1583 days 03:48:00.000000000,ファイル削除,https://github.com/docker-library/redis/commit/0b2910f292fa6ac32318cb2acc84355b11aa8a7a#diff-73b47764bb8f4769f3875cc7f2769552,https://github.com/docker-library/redis/commit/9a598d433acf8fbf3d1f07223c164b3bd7ead3b3#diff-73b47764bb8f4769f3875cc7f2769552
196,"RocketChat
Docker.Official.Image",https://github.com/RocketChat/Docker.Official.Image,8160b5da4c8c8594fb9e7739119e6b359a49ac5c,9d6297118afd4a6b494b1b82cb4dc7f58e83e45d,Dockerfile,Dockerfile,"## All of this needed because of missing 8.11.x tag.  Once we update to 8.15+ we can resume using Dockerfile.old or remove hack and use FROM node:8-slim

## Installing Node.js
",2019/03/01 06:58,2020/03/05 22:09,2015/07/10 18:04,2020/03/05 22:09,1,1329 days 12:54:00.000000000,ファイル削除,https://github.com/RocketChat/Docker.Official.Image/commit/8160b5da4c8c8594fb9e7739119e6b359a49ac5c#diff-3254677a7917c6c01f55212f86c57fbf,https://github.com/RocketChat/Docker.Official.Image/commit/9d6297118afd4a6b494b1b82cb4dc7f58e83e45d#diff-3254677a7917c6c01f55212f86c57fbf
197,"RocketChat
Docker.Official.Image",https://github.com/RocketChat/Docker.Official.Image,8160b5da4c8c8594fb9e7739119e6b359a49ac5c,9d6297118afd4a6b494b1b82cb4dc7f58e83e45d,Dockerfile,Dockerfile,"## Start Hack
",2019/03/01 06:58,2020/03/05 22:09,2015/07/10 18:04,2020/03/05 22:09,1,1329 days 12:54:00.000000000,ファイル削除,https://github.com/RocketChat/Docker.Official.Image/commit/8160b5da4c8c8594fb9e7739119e6b359a49ac5c#diff-3254677a7917c6c01f55212f86c57fbf,https://github.com/RocketChat/Docker.Official.Image/commit/9d6297118afd4a6b494b1b82cb4dc7f58e83e45d#diff-3254677a7917c6c01f55212f86c57fbf
198,"RocketChat
Docker.Official.Image",https://github.com/RocketChat/Docker.Official.Image,8160b5da4c8c8594fb9e7739119e6b359a49ac5c,9d6297118afd4a6b494b1b82cb4dc7f58e83e45d,Dockerfile,Dockerfile,"## End Hack

## Actual Rocket.Chat stuff
",2019/03/01 06:58,2020/03/05 22:09,2015/07/10 18:04,2020/03/05 22:09,1,1329 days 12:54:00.000000000,ファイル削除,https://github.com/RocketChat/Docker.Official.Image/commit/8160b5da4c8c8594fb9e7739119e6b359a49ac5c#diff-3254677a7917c6c01f55212f86c57fbf,https://github.com/RocketChat/Docker.Official.Image/commit/9d6297118afd4a6b494b1b82cb4dc7f58e83e45d#diff-3254677a7917c6c01f55212f86c57fbf
203,"docker-library
golang",https://github.com/docker-library/golang,898bf4174e6a575ae311d14a23f96b4f6724ee13,3cdd85183c0f3f6608588166410d24260cd8cb2f,1.4/cross/Dockerfile,1.4/cross/Dockerfile,"# TODO gcc: error: unrecognized command line option '-marm'
#	android/arm \

# ls src/runtime/defs_*_*.h | sed -r 's!^.*/defs_([^_]+)_([^_]+)[.]h$!\1/\2!'

# (set an explicit GOARM of 5 for maximum ARM compatibility)
",2014/11/19 13:24,2016/02/18 07:10,2014/11/15 15:46,2016/02/18 07:10,1,3 days 21:38:00.000000000,ファイル削除,https://github.com/docker-library/golang/commit/898bf4174e6a575ae311d14a23f96b4f6724ee13#diff-255c41427e40f164f0fcea3e8da28f17,https://github.com/docker-library/golang/commit/3cdd85183c0f3f6608588166410d24260cd8cb2f#diff-255c41427e40f164f0fcea3e8da28f17
213,"docker-library
tomcat",https://github.com/docker-library/tomcat,0e18eab4234afbff617aee84e7156ac1b4fd67d5,6c92359bedd5a7f7214cddba513fc2b9c52e1d95,6/jre7/Dockerfile,6/jre7/Dockerfile,"#!/bin/sh$|#!/usr/bin/env bash|' '{}' +

# TODO find a simple hacky way to verify Tomcat Native is working properly
# (the way we use in 7+ doesn't work here because we have no ""configtest"")

",2017/07/29 03:16,2017/08/04 06:36,2014/10/23 08:32,2017/08/04 06:36,1,1009 days 18:44:00.000000000,ファイル削除,https://github.com/docker-library/tomcat/commit/0e18eab4234afbff617aee84e7156ac1b4fd67d5#diff-016e60851c2d2898eee50af6fcfbf8b6,https://github.com/docker-library/tomcat/commit/6c92359bedd5a7f7214cddba513fc2b9c52e1d95#diff-016e60851c2d2898eee50af6fcfbf8b6
215,"docker-library
tomcat",https://github.com/docker-library/tomcat,0e18eab4234afbff617aee84e7156ac1b4fd67d5,6c92359bedd5a7f7214cddba513fc2b9c52e1d95,6/jre8/Dockerfile,6/jre8/Dockerfile,"#!/bin/sh$|#!/usr/bin/env bash|' '{}' +

# TODO find a simple hacky way to verify Tomcat Native is working properly
# (the way we use in 7+ doesn't work here because we have no ""configtest"")

",2017/07/29 03:16,2017/08/04 06:36,2014/11/21 07:04,2017/08/04 06:36,1,980 days 20:12:00.000000000,ファイル削除,https://github.com/docker-library/tomcat/commit/0e18eab4234afbff617aee84e7156ac1b4fd67d5#diff-2bbd26e0eb668247176f0aa38fd9f852,https://github.com/docker-library/tomcat/commit/6c92359bedd5a7f7214cddba513fc2b9c52e1d95#diff-2bbd26e0eb668247176f0aa38fd9f852
222,"docker-library
tomcat",https://github.com/docker-library/tomcat,ee7ff91af066dc7df9d88e3cb842c40f0b6d164b,2aef48d16769abbc89a1fcd62957d6814f88d166,8.5/jdk12/openjdk-oracle/Dockerfile,8.5/jdk12/openjdk-oracle/Dockerfile,"# TODO there's an odd bug on Oracle Linux where installing ""cpp"" (which gets pulled in as a dependency of ""gcc"") and then marking it as automatically-installed will result in the ""filesystem"" package being removed during ""yum autoremove"" (which then fails), so we set it as manually-installed to compensate
",2019/07/03 06:41,2019/09/20 04:49,2019/07/03 06:41,2019/09/20 04:49,1,0 days 00:00:00.000000000,ファイル削除,https://github.com/docker-library/tomcat/commit/ee7ff91af066dc7df9d88e3cb842c40f0b6d164b#diff-f6884b5e3436b3a973771bf07e2782a8,https://github.com/docker-library/tomcat/commit/2aef48d16769abbc89a1fcd62957d6814f88d166#diff-f6884b5e3436b3a973771bf07e2782a8
227,"docker-library
tomcat",https://github.com/docker-library/tomcat,ee7ff91af066dc7df9d88e3cb842c40f0b6d164b,2aef48d16769abbc89a1fcd62957d6814f88d166,9.0/jdk12/openjdk-oracle/Dockerfile,9.0/jdk12/openjdk-oracle/Dockerfile,"# TODO there's an odd bug on Oracle Linux where installing ""cpp"" (which gets pulled in as a dependency of ""gcc"") and then marking it as automatically-installed will result in the ""filesystem"" package being removed during ""yum autoremove"" (which then fails), so we set it as manually-installed to compensate
",2019/07/03 06:41,2019/09/20 04:49,2019/07/03 06:41,2019/09/20 04:49,1,0 days 00:00:00.000000000,ファイル削除,https://github.com/docker-library/tomcat/commit/ee7ff91af066dc7df9d88e3cb842c40f0b6d164b#diff-b53f5b384eb63e2af75a6851a8c90199,https://github.com/docker-library/tomcat/commit/2aef48d16769abbc89a1fcd62957d6814f88d166#diff-b53f5b384eb63e2af75a6851a8c90199
247,"zendtech
php-zendserver-docker",https://github.com/zendtech/php-zendserver-docker,8a4f6c9cb035044358072c465e41b4b8993731e7,39f76ed09504e8d29bd90d9cfab7e5b8025d834a,2018.0/7.2/Dockerfile,2018.0/7.2/Dockerfile,"#Copy Zray docker plugin
#TODO: Integrate Zray docker plugin into Zend Server
",2018/06/18 18:44,2020/03/19 19:57,2018/06/18 18:44,2020/03/19 19:57,1,0 days 00:00:00.000000000,ファイル削除,https://github.com/zendtech/php-zendserver-docker/commit/8a4f6c9cb035044358072c465e41b4b8993731e7#diff-efed2bdb6e3b4f7b86a90f4e5742e374,https://github.com/zendtech/php-zendserver-docker/commit/39f76ed09504e8d29bd90d9cfab7e5b8025d834a#diff-efed2bdb6e3b4f7b86a90f4e5742e374
251,"zendtech
php-zendserver-docker",https://github.com/zendtech/php-zendserver-docker,bb3303d34a3e86a4bc9eb1d652c5cce6ad441a6e,c05ceacf62ce7eddd38434a646efae2a13a03456,7.0/5.5/Dockerfile,7.0/5.5/Dockerfile,"# Zend Server
#
# Version 0.1

# TODO:
# - version as a variable (both php and ZS)

",2014/10/21 17:15,2018/04/30 21:42,2014/10/21 17:15,2018/04/30 21:42,1,0 days 00:00:00.000000000,ファイル削除,https://github.com/zendtech/php-zendserver-docker/commit/bb3303d34a3e86a4bc9eb1d652c5cce6ad441a6e#diff-1ef0dcf5e58f3e372dea207fb5585760,https://github.com/zendtech/php-zendserver-docker/commit/c05ceacf62ce7eddd38434a646efae2a13a03456#diff-1ef0dcf5e58f3e372dea207fb5585760
252,"zendtech
php-zendserver-docker",https://github.com/zendtech/php-zendserver-docker,bb3303d34a3e86a4bc9eb1d652c5cce6ad441a6e,c05ceacf62ce7eddd38434a646efae2a13a03456,7.0/5.4/Dockerfile,7.0/5.4/Dockerfile,"# Zend Server
#
# Version 0.1

# TODO:
# - version as a variable (both php and ZS)

",2014/10/21 17:15,2018/04/30 21:42,2014/10/21 17:15,2018/04/30 21:42,1,0 days 00:00:00.000000000,ファイル削除,https://github.com/zendtech/php-zendserver-docker/commit/bb3303d34a3e86a4bc9eb1d652c5cce6ad441a6e#diff-bb1374a71a60d53c1363d6549e906a53,https://github.com/zendtech/php-zendserver-docker/commit/c05ceacf62ce7eddd38434a646efae2a13a03456#diff-bb1374a71a60d53c1363d6549e906a53
255,"zendtech
php-zendserver-docker",https://github.com/zendtech/php-zendserver-docker,4c3dda9854934f9bfa6893b286dd7532d08e39b9,262d066f1fc62a283cbd352665c25625e77c9234,8.0/openshift/Dockerfile,8.0/openshift/Dockerfile,"# Zend Server
#
# Version 0.2

# TODO:

",2014/12/21 19:44,2015/01/11 21:51,2014/12/21 19:44,2015/01/11 21:51,1,0 days 00:00:00.000000000,ファイル削除,https://github.com/zendtech/php-zendserver-docker/commit/4c3dda9854934f9bfa6893b286dd7532d08e39b9#diff-3d5adaedbbbf7c66bee3b5e815533189,https://github.com/zendtech/php-zendserver-docker/commit/262d066f1fc62a283cbd352665c25625e77c9234#diff-3d5adaedbbbf7c66bee3b5e815533189
258,"zendtech
php-zendserver-docker",https://github.com/zendtech/php-zendserver-docker,571a4032a3645d26df1690629f1c0551bae4822a,a9472e5c3a83133a4d793ba713162e311c3b5e23,Dockerfile,Dockerfile,"# Zend Server
#
# Version 0.1

# TODO:
# - version as a variable (both php and ZS)

",2014/10/19 23:21,2014/10/20 22:46,2014/10/19 23:21,2014/10/20 22:46,1,0 days 00:00:00.000000000,ファイル削除,https://github.com/zendtech/php-zendserver-docker/commit/571a4032a3645d26df1690629f1c0551bae4822a#diff-3254677a7917c6c01f55212f86c57fbf,https://github.com/zendtech/php-zendserver-docker/commit/a9472e5c3a83133a4d793ba713162e311c3b5e23#diff-3254677a7917c6c01f55212f86c57fbf
259,"zendtech
php-zendserver-docker",https://github.com/zendtech/php-zendserver-docker,b3ff26b9a50d7cc80a23646d86bc5817a6d78d10,f9208304ef9cefa611f27709293426e8dff3c0e6,5.4/Dockerfile,5.4/Dockerfile,"# Zend Server
#
# Version 0.1

# TODO:
# - version as a variable (both php and ZS)

",2014/10/20 22:47,2014/10/21 17:15,2014/10/20 22:47,2014/10/21 17:15,1,0 days 00:00:00.000000000,ファイル削除,https://github.com/zendtech/php-zendserver-docker/commit/b3ff26b9a50d7cc80a23646d86bc5817a6d78d10#diff-f14baae609ad2e15c7c0adf25a7ec9f0,https://github.com/zendtech/php-zendserver-docker/commit/f9208304ef9cefa611f27709293426e8dff3c0e6#diff-f14baae609ad2e15c7c0adf25a7ec9f0
260,"zendtech
php-zendserver-docker",https://github.com/zendtech/php-zendserver-docker,b3ff26b9a50d7cc80a23646d86bc5817a6d78d10,f9208304ef9cefa611f27709293426e8dff3c0e6,5.5/Dockerfile,5.5/Dockerfile,"# Zend Server
#
# Version 0.1

# TODO:
# - version as a variable (both php and ZS)

",2014/10/20 22:47,2014/10/21 17:15,2014/10/20 22:47,2014/10/21 17:15,1,0 days 00:00:00.000000000,ファイル削除,https://github.com/zendtech/php-zendserver-docker/commit/b3ff26b9a50d7cc80a23646d86bc5817a6d78d10#diff-88f8bc5d5048db47ee2df510a00cd4c0,https://github.com/zendtech/php-zendserver-docker/commit/f9208304ef9cefa611f27709293426e8dff3c0e6#diff-88f8bc5d5048db47ee2df510a00cd4c0
305,"hashicorp
docker-vault",https://github.com/hashicorp/docker-vault,9b8dfaaf3738b16b4b2afbbdbc41f3419986b394,6e237e86fe245488d54a448b49eaf63d9a4faa71,0.7.2/Dockerfile,0.7.2/Dockerfile,"# By default you'll get a single-node development server that stores everything
# in RAM and bootstraps itself. Don't use this configuration for production.
",2017/05/16 00:26,2017/10/06 01:40,2017/05/16 00:26,2017/10/06 01:40,1,0 days 00:00:00.000000000,ファイル削除,https://github.com/hashicorp/docker-vault/commit/9b8dfaaf3738b16b4b2afbbdbc41f3419986b394#diff-fb97fff1f391cca7a700c422f4084ad1,https://github.com/hashicorp/docker-vault/commit/6e237e86fe245488d54a448b49eaf63d9a4faa71#diff-fb97fff1f391cca7a700c422f4084ad1
307,"hashicorp
docker-vault",https://github.com/hashicorp/docker-vault,38c20af56a8d3d340a2392dd5ad11cdd51760bc4,6e237e86fe245488d54a448b49eaf63d9a4faa71,0.6/Dockerfile,0.6/Dockerfile,"# By default you'll get a single-node development server that stores everything
# in RAM and bootstraps itself. Don't use this configuration for production.
",2016/07/06 05:54,2017/10/06 01:40,2016/01/30 04:18,2017/10/06 01:40,1,158 days 01:36:00.000000000,ファイル削除,https://github.com/hashicorp/docker-vault/commit/38c20af56a8d3d340a2392dd5ad11cdd51760bc4#diff-924ea837f53ead1197bde96bed80589b,https://github.com/hashicorp/docker-vault/commit/6e237e86fe245488d54a448b49eaf63d9a4faa71#diff-924ea837f53ead1197bde96bed80589b
308,"hashicorp
docker-vault",https://github.com/hashicorp/docker-vault,70ec3a24d5f8bc77291f5367ef487303f9716d33,6e237e86fe245488d54a448b49eaf63d9a4faa71,0.7.3/Dockerfile,0.7.3/Dockerfile,"# By default you'll get a single-node development server that stores everything
# in RAM and bootstraps itself. Don't use this configuration for production.
",2017/06/08 05:15,2017/10/06 01:40,2017/06/08 05:15,2017/10/06 01:40,1,0 days 00:00:00.000000000,ファイル削除,https://github.com/hashicorp/docker-vault/commit/70ec3a24d5f8bc77291f5367ef487303f9716d33#diff-dd796379a4624efb9b266e85762b6d71,https://github.com/hashicorp/docker-vault/commit/6e237e86fe245488d54a448b49eaf63d9a4faa71#diff-dd796379a4624efb9b266e85762b6d71
309,"hashicorp
docker-vault",https://github.com/hashicorp/docker-vault,67f88c6cea8da71a9803a401e7a7c950dd884b02,6e237e86fe245488d54a448b49eaf63d9a4faa71,0.7.0/Dockerfile,0.7.0/Dockerfile,"# By default you'll get a single-node development server that stores everything
# in RAM and bootstraps itself. Don't use this configuration for production.
",2017/03/28 23:33,2017/10/06 01:40,2017/03/28 23:33,2017/10/06 01:40,1,0 days 00:00:00.000000000,ファイル削除,https://github.com/hashicorp/docker-vault/commit/67f88c6cea8da71a9803a401e7a7c950dd884b02#diff-9f51d340fa3997aeacf4cd229e103a79,https://github.com/hashicorp/docker-vault/commit/6e237e86fe245488d54a448b49eaf63d9a4faa71#diff-9f51d340fa3997aeacf4cd229e103a79
310,"hashicorp
docker-vault",https://github.com/hashicorp/docker-vault,638047d80dc87b97f7bda67c758f54b2826959ce,6e237e86fe245488d54a448b49eaf63d9a4faa71,0.8.0-rc1/Dockerfile,0.8.0-rc1/Dockerfile,"# By default you'll get a single-node development server that stores everything
# in RAM and bootstraps itself. Don't use this configuration for production.
",2017/08/04 04:16,2017/10/06 01:40,2017/08/04 04:16,2017/10/06 01:40,1,0 days 00:00:00.000000000,ファイル削除,https://github.com/hashicorp/docker-vault/commit/638047d80dc87b97f7bda67c758f54b2826959ce#diff-46391658566803ad15c273ec4f4b5d67,https://github.com/hashicorp/docker-vault/commit/6e237e86fe245488d54a448b49eaf63d9a4faa71#diff-46391658566803ad15c273ec4f4b5d67
311,"hashicorp
docker-vault",https://github.com/hashicorp/docker-vault,c087a27b5ec93445e89dc46f25af973f114f1399,6e237e86fe245488d54a448b49eaf63d9a4faa71,0.6.5/Dockerfile,0.6.5/Dockerfile,"# By default you'll get a single-node development server that stores everything
# in RAM and bootstraps itself. Don't use this configuration for production.
",2017/02/08 11:01,2017/10/06 01:40,2017/02/08 11:01,2017/10/06 01:40,1,0 days 00:00:00.000000000,ファイル削除,https://github.com/hashicorp/docker-vault/commit/c087a27b5ec93445e89dc46f25af973f114f1399#diff-8e3de8bf4ac3b7c38a9c40758a29f456,https://github.com/hashicorp/docker-vault/commit/6e237e86fe245488d54a448b49eaf63d9a4faa71#diff-8e3de8bf4ac3b7c38a9c40758a29f456
312,"hashicorp
docker-vault",https://github.com/hashicorp/docker-vault,3d3957180d689ecddb537aa799a878171280e8a3,6e237e86fe245488d54a448b49eaf63d9a4faa71,0.6.2/Dockerfile,0.6.2/Dockerfile,"# By default you'll get a single-node development server that stores everything
# in RAM and bootstraps itself. Don't use this configuration for production.
",2016/10/06 05:37,2017/10/06 01:40,2016/10/06 05:37,2017/10/06 01:40,1,0 days 00:00:00.000000000,ファイル削除,https://github.com/hashicorp/docker-vault/commit/3d3957180d689ecddb537aa799a878171280e8a3#diff-ed009a832dd10f21acf3c25b54833ce4,https://github.com/hashicorp/docker-vault/commit/6e237e86fe245488d54a448b49eaf63d9a4faa71#diff-ed009a832dd10f21acf3c25b54833ce4
313,"hashicorp
docker-vault",https://github.com/hashicorp/docker-vault,b480db2b90dd4190c3ce4e8588624ed426fd7dea,6e237e86fe245488d54a448b49eaf63d9a4faa71,0.6.3/Dockerfile,0.6.3/Dockerfile,"# By default you'll get a single-node development server that stores everything
# in RAM and bootstraps itself. Don't use this configuration for production.
",2016/12/06 01:35,2017/10/06 01:40,2016/12/06 01:35,2017/10/06 01:40,1,0 days 00:00:00.000000000,ファイル削除,https://github.com/hashicorp/docker-vault/commit/b480db2b90dd4190c3ce4e8588624ed426fd7dea#diff-f718ac74394477376069f27d241d56f7,https://github.com/hashicorp/docker-vault/commit/6e237e86fe245488d54a448b49eaf63d9a4faa71#diff-f718ac74394477376069f27d241d56f7
314,"hashicorp
docker-vault",https://github.com/hashicorp/docker-vault,296309e4e40be197e89b9f063463fe02c4c5c3e2,6e237e86fe245488d54a448b49eaf63d9a4faa71,0.6.1/Dockerfile,0.6.1/Dockerfile,"# By default you'll get a single-node development server that stores everything
# in RAM and bootstraps itself. Don't use this configuration for production.
",2016/08/21 04:50,2017/10/06 01:40,2016/08/21 04:50,2017/10/06 01:40,1,0 days 00:00:00.000000000,ファイル削除,https://github.com/hashicorp/docker-vault/commit/296309e4e40be197e89b9f063463fe02c4c5c3e2#diff-446f78a04eda357ba464a4f31974ad23,https://github.com/hashicorp/docker-vault/commit/6e237e86fe245488d54a448b49eaf63d9a4faa71#diff-446f78a04eda357ba464a4f31974ad23
315,"hashicorp
docker-vault",https://github.com/hashicorp/docker-vault,7bbdde58de683a2bb6e384e4c20e30308b4ff882,6e237e86fe245488d54a448b49eaf63d9a4faa71,0.6.4/Dockerfile,0.6.4/Dockerfile,"# By default you'll get a single-node development server that stores everything
# in RAM and bootstraps itself. Don't use this configuration for production.
",2016/12/17 05:52,2017/10/06 01:40,2016/12/17 05:52,2017/10/06 01:40,1,0 days 00:00:00.000000000,ファイル削除,https://github.com/hashicorp/docker-vault/commit/7bbdde58de683a2bb6e384e4c20e30308b4ff882#diff-35ab06fb162527282c4fbb94b4f46b2b,https://github.com/hashicorp/docker-vault/commit/6e237e86fe245488d54a448b49eaf63d9a4faa71#diff-35ab06fb162527282c4fbb94b4f46b2b
316,"hashicorp
docker-vault",https://github.com/hashicorp/docker-vault,20c626ab1c89a17c24f370ae18cfe6cbc0eb8d33,6e237e86fe245488d54a448b49eaf63d9a4faa71,0.8.0-beta1/Dockerfile,0.8.0-beta1/Dockerfile,"# By default you'll get a single-node development server that stores everything
# in RAM and bootstraps itself. Don't use this configuration for production.
",2017/07/26 10:02,2017/10/06 01:40,2017/07/26 10:02,2017/10/06 01:40,1,0 days 00:00:00.000000000,ファイル削除,https://github.com/hashicorp/docker-vault/commit/20c626ab1c89a17c24f370ae18cfe6cbc0eb8d33#diff-e94491198423a4616b3fbb73ddb5a46c,https://github.com/hashicorp/docker-vault/commit/6e237e86fe245488d54a448b49eaf63d9a4faa71#diff-e94491198423a4616b3fbb73ddb5a46c
317,"hashicorp
docker-vault",https://github.com/hashicorp/docker-vault,d1cbdce2b531e9223356efb14e828afa556e1f70,6e237e86fe245488d54a448b49eaf63d9a4faa71,0.8.0/Dockerfile,0.8.0/Dockerfile,"# By default you'll get a single-node development server that stores everything
# in RAM and bootstraps itself. Don't use this configuration for production.
",2017/08/09 22:39,2017/10/06 01:40,2017/08/09 22:39,2017/10/06 01:40,1,0 days 00:00:00.000000000,ファイル削除,https://github.com/hashicorp/docker-vault/commit/d1cbdce2b531e9223356efb14e828afa556e1f70#diff-57f63103052ca7311b039edfaf356465,https://github.com/hashicorp/docker-vault/commit/6e237e86fe245488d54a448b49eaf63d9a4faa71#diff-57f63103052ca7311b039edfaf356465
318,"hashicorp
docker-vault",https://github.com/hashicorp/docker-vault,9ddc187d94f68f2572e4d3b1e733c98c661d628b,6e237e86fe245488d54a448b49eaf63d9a4faa71,0.8.1/Dockerfile,0.8.1/Dockerfile,"# By default you'll get a single-node development server that stores everything
# in RAM and bootstraps itself. Don't use this configuration for production.
",2017/08/17 21:30,2017/10/06 01:40,2017/08/17 21:30,2017/10/06 01:40,1,0 days 00:00:00.000000000,ファイル削除,https://github.com/hashicorp/docker-vault/commit/9ddc187d94f68f2572e4d3b1e733c98c661d628b#diff-0dff936d70e689c1d407e383a2e778fd,https://github.com/hashicorp/docker-vault/commit/6e237e86fe245488d54a448b49eaf63d9a4faa71#diff-0dff936d70e689c1d407e383a2e778fd
319,"hashicorp
docker-vault",https://github.com/hashicorp/docker-vault,0cbe9598ea742e5227a20012332400b0f96a0327,6e237e86fe245488d54a448b49eaf63d9a4faa71,0.8.2/Dockerfile,0.8.2/Dockerfile,"# By default you'll get a single-node development server that stores everything
# in RAM and bootstraps itself. Don't use this configuration for production.
",2017/09/07 04:52,2017/10/06 01:40,2017/09/07 04:52,2017/10/06 01:40,1,0 days 00:00:00.000000000,ファイル削除,https://github.com/hashicorp/docker-vault/commit/0cbe9598ea742e5227a20012332400b0f96a0327#diff-cc7bcff6a9108cb07fa3dd578de1e60c,https://github.com/hashicorp/docker-vault/commit/6e237e86fe245488d54a448b49eaf63d9a4faa71#diff-cc7bcff6a9108cb07fa3dd578de1e60c
324,"docker-library
postgres",https://github.com/docker-library/postgres,064113e0e481a1d0542846b81858e457fde02c90,05ac2d3ba69fc62c7acf6f689d3a93e5e862f738,9.4/Dockerfile,9.4/Dockerfile,"# https://github.com/docker-library/postgres/issues/484 (clang-6.0 required, only available in stretch-backports)
# TODO remove this once we hit buster+
",2018/08/22 06:39,2020/02/15 08:50,2014/07/16 09:14,2020/02/15 08:50,1,1497 days 21:25:00.000000000,ファイル削除,https://github.com/docker-library/postgres/commit/064113e0e481a1d0542846b81858e457fde02c90#diff-bf8ce6a32c5a1bdab27312b798ffa7d8,https://github.com/docker-library/postgres/commit/05ac2d3ba69fc62c7acf6f689d3a93e5e862f738#diff-bf8ce6a32c5a1bdab27312b798ffa7d8
336,"docker-library
gcc",https://github.com/docker-library/gcc,3b33871fe9558262cb5ed6253d358f76710e9ccb,36b9d231538ff0b3685b1e36503e472ee62c0d15,7/Dockerfile,7/Dockerfile,"# TODO for some reason, libgo + i386 fails on https://github.com/gcc-mirror/gcc/blob/gcc-7_1_0-release/libgo/runtime/proc.c#L154
# ""error unknown case for SETCONTEXT_CLOBBERS_TLS""
",2017/06/17 02:45,2020/05/08 13:19,2017/05/03 01:38,2020/05/08 13:19,1,45 days 01:07:00.000000000,ファイル削除,https://github.com/docker-library/gcc/commit/3b33871fe9558262cb5ed6253d358f76710e9ccb#diff-5621aaf0d565b96a7d7bd78b8d7a8f28,https://github.com/docker-library/gcc/commit/36b9d231538ff0b3685b1e36503e472ee62c0d15#diff-5621aaf0d565b96a7d7bd78b8d7a8f28
338,"docker-library
gcc",https://github.com/docker-library/gcc,3b33871fe9558262cb5ed6253d358f76710e9ccb,48d2a53ebfd92b203c11650db203ce35901ee122,6/Dockerfile,6/Dockerfile,"# TODO for some reason, libgo + i386 fails on https://github.com/gcc-mirror/gcc/blob/gcc-7_1_0-release/libgo/runtime/proc.c#L154
# ""error unknown case for SETCONTEXT_CLOBBERS_TLS""
",2017/06/17 02:45,2020/05/07 22:15,2016/09/17 05:48,2020/05/07 22:15,1,272 days 20:57:00.000000000,ファイル削除,https://github.com/docker-library/gcc/commit/3b33871fe9558262cb5ed6253d358f76710e9ccb#diff-ef9ca804ab18e6ba3c2581b6f3ba070f,https://github.com/docker-library/gcc/commit/48d2a53ebfd92b203c11650db203ce35901ee122#diff-ef9ca804ab18e6ba3c2581b6f3ba070f
341,"docker-library
gcc",https://github.com/docker-library/gcc,3b33871fe9558262cb5ed6253d358f76710e9ccb,c2066bb89cc5ebb64ae3562e507e5d6551007088,5/Dockerfile,5/Dockerfile,"# TODO for some reason, libgo + i386 fails on https://github.com/gcc-mirror/gcc/blob/gcc-7_1_0-release/libgo/runtime/proc.c#L154
# ""error unknown case for SETCONTEXT_CLOBBERS_TLS""
",2017/06/17 02:45,2019/05/04 07:14,2015/12/15 08:34,2019/05/04 07:14,1,549 days 18:11:00.000000000,ファイル削除,https://github.com/docker-library/gcc/commit/3b33871fe9558262cb5ed6253d358f76710e9ccb#diff-9657ab3cb5886e8a36acdb4cb18b2d18,https://github.com/docker-library/gcc/commit/c2066bb89cc5ebb64ae3562e507e5d6551007088#diff-9657ab3cb5886e8a36acdb4cb18b2d18
347,"docker-library
gcc",https://github.com/docker-library/gcc,3b33871fe9558262cb5ed6253d358f76710e9ccb,497fdbb37dbfc0829b5821594b68ef24d9f4f72c,4.9/Dockerfile,4.9/Dockerfile,"# TODO for some reason, libgo + i386 fails on https://github.com/gcc-mirror/gcc/blob/gcc-7_1_0-release/libgo/runtime/proc.c#L154
# ""error unknown case for SETCONTEXT_CLOBBERS_TLS""
",2017/06/17 02:45,2017/09/30 03:05,2014/08/26 07:40,2017/09/30 03:05,1,1025 days 19:05:00.000000000,ファイル削除,https://github.com/docker-library/gcc/commit/3b33871fe9558262cb5ed6253d358f76710e9ccb#diff-8d2ae62ea6835cbeba086a70af0ac739,https://github.com/docker-library/gcc/commit/497fdbb37dbfc0829b5821594b68ef24d9f4f72c#diff-8d2ae62ea6835cbeba086a70af0ac739
351,"tianon
dockerfiles",https://github.com/tianon/dockerfiles,02042c331baf96a01030574465fdb4f519108e06,c633e15ce972b190d7c09500ecc2a054c603abe9,qemu/Dockerfile,qemu/Dockerfile,"# TODO verify signature
",2017/12/19 06:21,2019/01/18 07:41,2014/09/20 16:00,2019/01/18 07:41,1,1185 days 14:21:00.000000000,ファイル削除,https://github.com/tianon/dockerfiles/commit/02042c331baf96a01030574465fdb4f519108e06#diff-28413be9725efd16f771d948c7dec6ce,https://github.com/tianon/dockerfiles/commit/c633e15ce972b190d7c09500ecc2a054c603abe9#diff-28413be9725efd16f771d948c7dec6ce
357,"tianon
dockerfiles",https://github.com/tianon/dockerfiles,6f3b2ee0f98d1abde53cf49b7bb47bba0e466cfd,bb4f81ea0d9cc38a3e225e77c05a13e9208c795a,ruby-unicorn/Dockerfile,ruby-unicorn/Dockerfile,"# TODO find a clean way to do this here in such a way that gems like rmagick can install cleanly without first installing libmagickcore-dev
#ONBUILD ADD Gemfile /apps/rails/Gemfile
#ONBUILD ADD Gemfile.lock /apps/rails/Gemfile.lock
#ONBUILD RUN bundle install --deployment
#ONBUILD ADD . /apps/rails
",2014/03/29 08:29,2019/09/14 06:33,2014/03/29 08:29,2019/09/14 06:33,1,0 days 00:00:00.000000000,ファイル削除,https://github.com/tianon/dockerfiles/commit/6f3b2ee0f98d1abde53cf49b7bb47bba0e466cfd#diff-8bc187a772d080f24e01234ed3cbae13,https://github.com/tianon/dockerfiles/commit/bb4f81ea0d9cc38a3e225e77c05a13e9208c795a#diff-8bc187a772d080f24e01234ed3cbae13
358,"tianon
dockerfiles",https://github.com/tianon/dockerfiles,df966bd85ec8ee2d918eef64d6a93eeee3cf4930,02f055e7536c19be37d5e356470520c80e0620a7,docker/experimental/dind/Dockerfile,docker/experimental/dind/Dockerfile,"# TODO aufs-tools

",2015/08/28 07:47,2016/11/13 01:12,2015/08/28 07:47,2016/11/13 01:12,1,0 days 00:00:00.000000000,ファイル削除,https://github.com/tianon/dockerfiles/commit/df966bd85ec8ee2d918eef64d6a93eeee3cf4930#diff-80c11d9e0ddd000115b01b1782b9d8b3,https://github.com/tianon/dockerfiles/commit/02f055e7536c19be37d5e356470520c80e0620a7#diff-80c11d9e0ddd000115b01b1782b9d8b3
365,"tianon
dockerfiles",https://github.com/tianon/dockerfiles,03c351859fd6a80d65ee4a35a4bb71d7510a6041,a7893ff62f7951e2040665565bcf34fce213cde5,nylas/sync-engine/Dockerfile,nylas/sync-engine/Dockerfile," # TODO inbox-api or inbox-start
",2016/01/29 08:18,2019/06/25 13:10,2016/01/29 08:18,2019/06/25 13:10,1,0 days 00:00:00.000000000,ファイル削除,https://github.com/tianon/dockerfiles/commit/03c351859fd6a80d65ee4a35a4bb71d7510a6041#diff-5f43e6e99f495bfc880e240870c44959,https://github.com/tianon/dockerfiles/commit/a7893ff62f7951e2040665565bcf34fce213cde5#diff-5f43e6e99f495bfc880e240870c44959
372,"tianon
dockerfiles",https://github.com/tianon/dockerfiles,4651c8e65b80e0acc3d2f7df2de980ee28a03c7a,13ddc43d57fb5cfa49eba6358ffa2ef131de38ec,familysearch-indexing/Dockerfile,familysearch-indexing/Dockerfile,"# TODO add a very lightweight browser for opening help and/or registration
",2014/02/23 15:47,2019/08/02 14:47,2014/02/23 15:47,2019/08/02 14:47,1,0 days 00:00:00.000000000,ファイル削除,https://github.com/tianon/dockerfiles/commit/4651c8e65b80e0acc3d2f7df2de980ee28a03c7a#diff-a815d8937c22f61682b6ba1c1aac6f71,https://github.com/tianon/dockerfiles/commit/13ddc43d57fb5cfa49eba6358ffa2ef131de38ec#diff-a815d8937c22f61682b6ba1c1aac6f71
375,"tianon
dockerfiles",https://github.com/tianon/dockerfiles,c4f86111caa8c8eab8e1b3a58cdebcf86807169c,9e8ac7f01d20bc0263c0ab3f13f3f2a3be59a54b,sbin-init/ubuntu/upstart/12.10/Dockerfile,sbin-init/ubuntu/upstart/14.10/Dockerfile,"# much of this was gleaned from https://github.com/lxc/lxc/blob/lxc-0.8.0/templates/lxc-ubuntu.in
# and then heavily modified and hacked like crazy

# we're going to want this bad boy installed so we can connect :)
",2014/06/06 16:45,2019/06/15 05:03,2014/01/12 00:56,2019/06/15 05:03,1,145 days 15:49:00.000000000,ファイル削除,https://github.com/tianon/dockerfiles/commit/c4f86111caa8c8eab8e1b3a58cdebcf86807169c#diff-b7e60c6b3b600d85cd169e5c6b631d82,https://github.com/tianon/dockerfiles/commit/9e8ac7f01d20bc0263c0ab3f13f3f2a3be59a54b#diff-769ece7adcf47946e16394d63ab827b1
376,"tianon
dockerfiles",https://github.com/tianon/dockerfiles,c4f86111caa8c8eab8e1b3a58cdebcf86807169c,4d24a12b54b75b3e0904d8a285900d88d3326361,sbin-init/ubuntu/upstart/13.10/Dockerfile,sbin-init/ubuntu/upstart/13.10/Dockerfile,"# much of this was gleaned from https://github.com/lxc/lxc/blob/lxc-0.8.0/templates/lxc-ubuntu.in
# and then heavily modified and hacked like crazy

# we're going to want this bad boy installed so we can connect :)
",2014/06/06 16:45,2014/09/25 13:05,2014/01/12 00:56,2014/09/25 13:05,1,145 days 15:49:00.000000000,ファイル削除,https://github.com/tianon/dockerfiles/commit/c4f86111caa8c8eab8e1b3a58cdebcf86807169c#diff-ddab10eb5d6b1a4e3796ef2c7440a330,https://github.com/tianon/dockerfiles/commit/4d24a12b54b75b3e0904d8a285900d88d3326361#diff-ddab10eb5d6b1a4e3796ef2c7440a330
377,"tianon
dockerfiles",https://github.com/tianon/dockerfiles,c4f86111caa8c8eab8e1b3a58cdebcf86807169c,4d24a12b54b75b3e0904d8a285900d88d3326361,sbin-init/ubuntu/upstart/13.04/Dockerfile,sbin-init/ubuntu/upstart/13.04/Dockerfile,"# much of this was gleaned from https://github.com/lxc/lxc/blob/lxc-0.8.0/templates/lxc-ubuntu.in
# and then heavily modified and hacked like crazy

# we're going to want this bad boy installed so we can connect :)
",2014/06/06 16:45,2014/09/25 13:05,2014/01/12 00:56,2014/09/25 13:05,1,145 days 15:49:00.000000000,ファイル削除,https://github.com/tianon/dockerfiles/commit/c4f86111caa8c8eab8e1b3a58cdebcf86807169c#diff-8487dee6d0e227f9a9b2a536bb0ad404,https://github.com/tianon/dockerfiles/commit/4d24a12b54b75b3e0904d8a285900d88d3326361#diff-8487dee6d0e227f9a9b2a536bb0ad404
378,"tianon
dockerfiles",https://github.com/tianon/dockerfiles,c4f86111caa8c8eab8e1b3a58cdebcf86807169c,9e8ac7f01d20bc0263c0ab3f13f3f2a3be59a54b,sbin-init/ubuntu/upstart/12.04/Dockerfile,sbin-init/ubuntu/upstart/12.04/Dockerfile,"# much of this was gleaned from https://github.com/lxc/lxc/blob/lxc-0.8.0/templates/lxc-ubuntu.in
# and then heavily modified and hacked like crazy

# we're going to want this bad boy installed so we can connect :)
",2014/06/06 16:45,2019/06/15 05:03,2014/01/12 00:56,2019/06/15 05:03,1,145 days 15:49:00.000000000,ファイル削除,https://github.com/tianon/dockerfiles/commit/c4f86111caa8c8eab8e1b3a58cdebcf86807169c#diff-d5ceaeffe50ef7e52af6abc6c4fedddf,https://github.com/tianon/dockerfiles/commit/9e8ac7f01d20bc0263c0ab3f13f3f2a3be59a54b#diff-d5ceaeffe50ef7e52af6abc6c4fedddf
379,"tianon
dockerfiles",https://github.com/tianon/dockerfiles,c4f86111caa8c8eab8e1b3a58cdebcf86807169c,9e8ac7f01d20bc0263c0ab3f13f3f2a3be59a54b,sbin-init/ubuntu/upstart/14.04/Dockerfile,sbin-init/ubuntu/upstart/14.04/Dockerfile,"# much of this was gleaned from https://github.com/lxc/lxc/blob/lxc-0.8.0/templates/lxc-ubuntu.in
# and then heavily modified and hacked like crazy

# we're going to want this bad boy installed so we can connect :)
",2014/06/06 16:45,2019/06/15 05:03,2014/05/13 06:16,2019/06/15 05:03,1,24 days 10:29:00.000000000,ファイル削除,https://github.com/tianon/dockerfiles/commit/c4f86111caa8c8eab8e1b3a58cdebcf86807169c#diff-4c0ae3a118678bce0812c3772cfcaaf2,https://github.com/tianon/dockerfiles/commit/9e8ac7f01d20bc0263c0ab3f13f3f2a3be59a54b#diff-4c0ae3a118678bce0812c3772cfcaaf2
452,"docker-library
mongo",https://github.com/docker-library/mongo,32bf9f7905feb2b039c623e76e66d1602e73d277,fbaaf63e240b194cc3a05b859611c26b02035abf,3.4/Dockerfile,3.4/Dockerfile,"# TODO some sort of download verification here
",2017/09/01 01:47,2020/02/08 08:52,2016/11/02 05:59,2020/02/08 08:52,1,302 days 19:48:00.000000000,ファイル削除,https://github.com/docker-library/mongo/commit/32bf9f7905feb2b039c623e76e66d1602e73d277#diff-b81eb6e515b19423730637f12afa0d0a,https://github.com/docker-library/mongo/commit/fbaaf63e240b194cc3a05b859611c26b02035abf#diff-b81eb6e515b19423730637f12afa0d0a
453,"docker-library
mongo",https://github.com/docker-library/mongo,daeeeccd0edd110e6341ba3ee2d699caf885fbce,fbaaf63e240b194cc3a05b859611c26b02035abf,3.4/windows/windowsservercore-ltsc2016/Dockerfile,3.4/windows/windowsservercore-ltsc2016/Dockerfile,"# TODO docker-entrypoint.ps1 ? (for ""docker run <image> --flag --flag --flag"")

",2017/11/23 07:25,2020/02/08 08:52,2017/11/23 07:25,2020/02/08 08:52,1,0 days 00:00:00.000000000,ファイル削除,https://github.com/docker-library/mongo/commit/daeeeccd0edd110e6341ba3ee2d699caf885fbce#diff-8a0c50f17325f51b034081d9b100a914,https://github.com/docker-library/mongo/commit/fbaaf63e240b194cc3a05b859611c26b02035abf#diff-8a0c50f17325f51b034081d9b100a914
457,"docker-library
mongo",https://github.com/docker-library/mongo,b6a2025cd8ddf3cf15e125e208177b44dc08771f,2f757af6d12f4239cf5541455b011921ee4c06d1,4.2-rc/Dockerfile,4.2-rc/Dockerfile,"# TODO some sort of download verification here
",2019/06/13 08:19,2019/08/14 01:19,2019/06/13 08:19,2019/08/14 01:19,1,0 days 00:00:00.000000000,ファイル削除,https://github.com/docker-library/mongo/commit/b6a2025cd8ddf3cf15e125e208177b44dc08771f#diff-1a9e294e06efa453486a1fdfdd2514a3,https://github.com/docker-library/mongo/commit/2f757af6d12f4239cf5541455b011921ee4c06d1#diff-1a9e294e06efa453486a1fdfdd2514a3
459,"docker-library
mongo",https://github.com/docker-library/mongo,17f05e95936bc3ec911446ffe4c2f5889363083d,84e53cd3fa53bbf336a4204da977e45b2ee1d0cb,3.5/windows/windowsservercore/Dockerfile,3.5/windows/windowsservercore-1709/Dockerfile,"# TODO docker-entrypoint.ps1 ? (for ""docker run <image> --flag --flag --flag"")

",2017/04/01 05:30,2017/12/06 10:55,2017/04/01 05:30,2017/12/06 10:55,1,0 days 00:00:00.000000000,ファイル削除,https://github.com/docker-library/mongo/commit/17f05e95936bc3ec911446ffe4c2f5889363083d#diff-e20d9e32efa19b2553fbb5ca7a2c26ec,https://github.com/docker-library/mongo/commit/84e53cd3fa53bbf336a4204da977e45b2ee1d0cb#diff-c7d9a6901f27ab5db220b70bf4e2fcf5
460,"docker-library
mongo",https://github.com/docker-library/mongo,daeeeccd0edd110e6341ba3ee2d699caf885fbce,c5720ca1880815d78c3f1b58a8a30003b1724efd,3.2/windows/windowsservercore-ltsc2016/Dockerfile,3.2/windows/windowsservercore-ltsc2016/Dockerfile,"# TODO docker-entrypoint.ps1 ? (for ""docker run <image> --flag --flag --flag"")

",2017/11/23 07:25,2018/12/25 03:19,2017/11/23 07:25,2018/12/25 03:19,1,0 days 00:00:00.000000000,ファイル削除,https://github.com/docker-library/mongo/commit/daeeeccd0edd110e6341ba3ee2d699caf885fbce#diff-3b8741ec95582b13fe55272edc9c5f0e,https://github.com/docker-library/mongo/commit/c5720ca1880815d78c3f1b58a8a30003b1724efd#diff-3b8741ec95582b13fe55272edc9c5f0e
461,"docker-library
mongo",https://github.com/docker-library/mongo,89549b2b779421c057b04858477012b7aa17f498,c5720ca1880815d78c3f1b58a8a30003b1724efd,3.2/windows/windowsservercore/Dockerfile,3.2/windows/windowsservercore-1709/Dockerfile,"# TODO docker-entrypoint.ps1 ? (for ""docker run <image> --flag --flag --flag"")

",2016/08/18 07:14,2018/12/25 03:19,2016/08/18 07:14,2018/12/25 03:19,1,0 days 00:00:00.000000000,ファイル削除,https://github.com/docker-library/mongo/commit/89549b2b779421c057b04858477012b7aa17f498#diff-cd8ca3f0ca79b350fcfda9b9b450f00a,https://github.com/docker-library/mongo/commit/c5720ca1880815d78c3f1b58a8a30003b1724efd#diff-7de63d28ea96ecbdd40672163838adec
462,"docker-library
mongo",https://github.com/docker-library/mongo,daeeeccd0edd110e6341ba3ee2d699caf885fbce,84e53cd3fa53bbf336a4204da977e45b2ee1d0cb,3.5/windows/windowsservercore-ltsc2016/Dockerfile,3.5/windows/windowsservercore-ltsc2016/Dockerfile,"# TODO docker-entrypoint.ps1 ? (for ""docker run <image> --flag --flag --flag"")

",2017/11/23 07:25,2017/12/06 10:55,2017/11/23 07:25,2017/12/06 10:55,1,0 days 00:00:00.000000000,ファイル削除,https://github.com/docker-library/mongo/commit/daeeeccd0edd110e6341ba3ee2d699caf885fbce#diff-f9049e81f0762378a6b2bc878f3eaebf,https://github.com/docker-library/mongo/commit/84e53cd3fa53bbf336a4204da977e45b2ee1d0cb#diff-f9049e81f0762378a6b2bc878f3eaebf
466,"docker-library
mongo",https://github.com/docker-library/mongo,380200038360980631e362f964857d48489f99a2,6ac52e6a15acd1315a1a891c9e4eb3aa0a99700f,4.1/windows/windowsservercore-1803/Dockerfile,4.2/windows/windowsservercore-1803/Dockerfile,"# TODO docker-entrypoint.ps1 ? (for ""docker run <image> --flag --flag --flag"")

",2018/07/18 05:51,2019/12/10 07:37,2018/07/18 05:51,2019/12/10 07:37,1,0 days 00:00:00.000000000,ファイル削除,https://github.com/docker-library/mongo/commit/380200038360980631e362f964857d48489f99a2#diff-944d3c20ff5bddff8b699db19999b811,https://github.com/docker-library/mongo/commit/6ac52e6a15acd1315a1a891c9e4eb3aa0a99700f#diff-5a0f21f304a9e049ad4539a8d113f08e
467,"docker-library
mongo",https://github.com/docker-library/mongo,380200038360980631e362f964857d48489f99a2,6ac52e6a15acd1315a1a891c9e4eb3aa0a99700f,4.0/windows/windowsservercore-1803/Dockerfile,4.0/windows/windowsservercore-1803/Dockerfile,"# TODO docker-entrypoint.ps1 ? (for ""docker run <image> --flag --flag --flag"")

",2018/07/18 05:51,2019/12/10 07:37,2018/07/18 05:51,2019/12/10 07:37,1,0 days 00:00:00.000000000,ファイル削除,https://github.com/docker-library/mongo/commit/380200038360980631e362f964857d48489f99a2#diff-2205320577a6ce4a256c9a3fcc399ae6,https://github.com/docker-library/mongo/commit/6ac52e6a15acd1315a1a891c9e4eb3aa0a99700f#diff-2205320577a6ce4a256c9a3fcc399ae6
472,"docker-library
mongo",https://github.com/docker-library/mongo,32bf9f7905feb2b039c623e76e66d1602e73d277,c5720ca1880815d78c3f1b58a8a30003b1724efd,3.2/Dockerfile,3.2/Dockerfile,"# TODO some sort of download verification here
",2017/09/01 01:47,2018/12/25 03:19,2015/11/01 01:56,2018/12/25 03:19,1,669 days 23:51:00.000000000,ファイル削除,https://github.com/docker-library/mongo/commit/32bf9f7905feb2b039c623e76e66d1602e73d277#diff-c1f8cc5d9377fe498f7178c8b7a322be,https://github.com/docker-library/mongo/commit/c5720ca1880815d78c3f1b58a8a30003b1724efd#diff-c1f8cc5d9377fe498f7178c8b7a322be
475,"docker-library
mongo",https://github.com/docker-library/mongo,ec80a4a2218babddb8b572209e45841b96c1954c,5f4bcf4bec163ef05b4fc67d5c92762989dbde06,3.4-rc/windows/windowsservercore/Dockerfile,3.4-rc/windows/windowsservercore/Dockerfile,"# TODO docker-entrypoint.ps1 ? (for ""docker run <image> --flag --flag --flag"")

",2016/11/02 05:59,2016/11/30 02:50,2016/11/02 05:59,2016/11/30 02:50,1,0 days 00:00:00.000000000,ファイル削除,https://github.com/docker-library/mongo/commit/ec80a4a2218babddb8b572209e45841b96c1954c#diff-197caa4452f89f182559f43bff98f20a,https://github.com/docker-library/mongo/commit/5f4bcf4bec163ef05b4fc67d5c92762989dbde06#diff-197caa4452f89f182559f43bff98f20a
477,"docker-library
mongo",https://github.com/docker-library/mongo,b6a2025cd8ddf3cf15e125e208177b44dc08771f,2f757af6d12f4239cf5541455b011921ee4c06d1,4.2-rc/windows/windowsservercore-1803/Dockerfile,4.2-rc/windows/windowsservercore-1803/Dockerfile,"# TODO docker-entrypoint.ps1 ? (for ""docker run <image> --flag --flag --flag"")

",2019/06/13 08:19,2019/08/14 01:19,2019/06/13 08:19,2019/08/14 01:19,1,0 days 00:00:00.000000000,ファイル削除,https://github.com/docker-library/mongo/commit/b6a2025cd8ddf3cf15e125e208177b44dc08771f#diff-2ff102a9f7cb8719bdd79025d5981af8,https://github.com/docker-library/mongo/commit/2f757af6d12f4239cf5541455b011921ee4c06d1#diff-2ff102a9f7cb8719bdd79025d5981af8
478,"docker-library
mongo",https://github.com/docker-library/mongo,b6a2025cd8ddf3cf15e125e208177b44dc08771f,2f757af6d12f4239cf5541455b011921ee4c06d1,4.2-rc/windows/windowsservercore-ltsc2016/Dockerfile,4.2-rc/windows/windowsservercore-ltsc2016/Dockerfile,"# TODO docker-entrypoint.ps1 ? (for ""docker run <image> --flag --flag --flag"")

",2019/06/13 08:19,2019/08/14 01:19,2019/06/13 08:19,2019/08/14 01:19,1,0 days 00:00:00.000000000,ファイル削除,https://github.com/docker-library/mongo/commit/b6a2025cd8ddf3cf15e125e208177b44dc08771f#diff-1f6a1f8095e337caf90a006f831d2fdd,https://github.com/docker-library/mongo/commit/2f757af6d12f4239cf5541455b011921ee4c06d1#diff-1f6a1f8095e337caf90a006f831d2fdd
524,"docker-library
openjdk",https://github.com/docker-library/openjdk,572682ed1cb951ab8d978e8015e4a910093db920,e2fbda03b975d10f70c32858cff764f0c8606ac9,11/jre/windows/windowsservercore-1803/Dockerfile,11/jre/windows/windowsservercore-1803/Dockerfile,"# TODO signature? checksum?
",2019/07/17 08:32,2019/12/10 07:35,2019/07/17 08:32,2019/12/10 07:35,1,0 days 00:00:00.000000000,ファイル削除,https://github.com/docker-library/openjdk/commit/572682ed1cb951ab8d978e8015e4a910093db920#diff-9018dba6dc5e759ee00200866dee0940,https://github.com/docker-library/openjdk/commit/e2fbda03b975d10f70c32858cff764f0c8606ac9#diff-9018dba6dc5e759ee00200866dee0940
525,"docker-library
openjdk",https://github.com/docker-library/openjdk,3eb0351b208d739fac35345c85e3c6237c2114ec,e2fbda03b975d10f70c32858cff764f0c8606ac9,11/jdk/windows/windowsservercore-1803/Dockerfile,11/jdk/windows/windowsservercore-1803/Dockerfile,"# TODO signature? checksum?
",2019/05/23 06:37,2019/12/10 07:35,2018/09/06 07:03,2019/12/10 07:35,1,258 days 23:34:00.000000000,ファイル削除,https://github.com/docker-library/openjdk/commit/3eb0351b208d739fac35345c85e3c6237c2114ec#diff-7d0b594fbbcf25cb480047fc98cbaae1,https://github.com/docker-library/openjdk/commit/e2fbda03b975d10f70c32858cff764f0c8606ac9#diff-7d0b594fbbcf25cb480047fc98cbaae1
526,"docker-library
openjdk",https://github.com/docker-library/openjdk,3eb0351b208d739fac35345c85e3c6237c2114ec,e2fbda03b975d10f70c32858cff764f0c8606ac9,8/jre/windows/windowsservercore-1803/Dockerfile,8/jre/windows/windowsservercore-1803/Dockerfile,"# TODO signature? checksum?
",2019/05/23 06:37,2019/12/10 07:35,2019/05/23 06:37,2019/12/10 07:35,1,0 days 00:00:00.000000000,ファイル削除,https://github.com/docker-library/openjdk/commit/3eb0351b208d739fac35345c85e3c6237c2114ec#diff-a6561dc4f5f1830d7d61ddb89472c084,https://github.com/docker-library/openjdk/commit/e2fbda03b975d10f70c32858cff764f0c8606ac9#diff-a6561dc4f5f1830d7d61ddb89472c084
527,"docker-library
openjdk",https://github.com/docker-library/openjdk,3eb0351b208d739fac35345c85e3c6237c2114ec,e2fbda03b975d10f70c32858cff764f0c8606ac9,8/jdk/windows/windowsservercore-1803/Dockerfile,8/jdk/windows/windowsservercore-1803/Dockerfile,"# TODO signature? checksum?
",2019/05/23 06:37,2019/12/10 07:35,2018/11/08 01:22,2019/12/10 07:35,1,196 days 05:15:00.000000000,ファイル削除,https://github.com/docker-library/openjdk/commit/3eb0351b208d739fac35345c85e3c6237c2114ec#diff-1af00b3d70bc087e97964c4e93301224,https://github.com/docker-library/openjdk/commit/e2fbda03b975d10f70c32858cff764f0c8606ac9#diff-1af00b3d70bc087e97964c4e93301224
532,"docker-library
docker",https://github.com/docker-library/docker,690c2cedc6c5e8a47507240b7d8a39a19f03bae6,157869f94ea90e2acb4d0f77045d99079ead821c,18.02-rc/Dockerfile,18.02-rc/Dockerfile,"# set up nsswitch.conf for Go's ""netgo"" implementation (which Docker explicitly uses)
# - https://github.com/docker/docker-ce/blob/v17.09.0-ce/components/engine/hack/make.sh#L149
# - https://github.com/golang/go/blob/go1.9.1/src/net/conf.go#L194-L275
# - docker run --rm debian:stretch grep '^hosts:' /etc/nsswitch.conf
",2018/01/26 02:44,2018/02/09 02:29,2018/01/26 02:44,2018/02/09 02:29,1,0 days 00:00:00.000000000,ファイル削除,https://github.com/docker-library/docker/commit/690c2cedc6c5e8a47507240b7d8a39a19f03bae6#diff-0a58ef0638d73d9fe1fa5ad40342545d,https://github.com/docker-library/docker/commit/157869f94ea90e2acb4d0f77045d99079ead821c#diff-0a58ef0638d73d9fe1fa5ad40342545d
533,"docker-library
docker",https://github.com/docker-library/docker,690c2cedc6c5e8a47507240b7d8a39a19f03bae6,157869f94ea90e2acb4d0f77045d99079ead821c,18.02-rc/Dockerfile,18.02-rc/Dockerfile,"# TODO ENV DOCKER_SHA256
# https://github.com/docker/docker-ce/blob/5b073ee2cf564edee5adca05eee574142f7627bb/components/packaging/static/hash_files !!
# (no SHA file artifacts on download.docker.com yet as of 2017-06-07 though)

",2018/01/26 02:44,2018/02/09 02:29,2018/01/26 02:44,2018/02/09 02:29,1,0 days 00:00:00.000000000,ファイル削除,https://github.com/docker-library/docker/commit/690c2cedc6c5e8a47507240b7d8a39a19f03bae6#diff-0a58ef0638d73d9fe1fa5ad40342545d,https://github.com/docker-library/docker/commit/157869f94ea90e2acb4d0f77045d99079ead821c#diff-0a58ef0638d73d9fe1fa5ad40342545d
537,"docker-library
docker",https://github.com/docker-library/docker,1c8b144ed9ec49ac8cc7ca75f8628fd8de6c82b5,157869f94ea90e2acb4d0f77045d99079ead821c,1.11/dind/Dockerfile,17.09/dind/Dockerfile,"# TODO aufs-tools

# set up subuid/subgid so that ""--userns-remap=default"" works out-of-the-box
",2016/07/01 02:09,2018/02/09 02:29,2015/08/07 04:54,2018/02/09 02:29,1,328 days 21:15:00.000000000,ファイル削除,https://github.com/docker-library/docker/commit/1c8b144ed9ec49ac8cc7ca75f8628fd8de6c82b5#diff-b3d6105e191d164eb9476a9a6def1aa0,https://github.com/docker-library/docker/commit/157869f94ea90e2acb4d0f77045d99079ead821c#diff-15ae39d49f7d5bb6e7e28591e0709736
538,"docker-library
docker",https://github.com/docker-library/docker,168a6d227d021c6d38c3986b7c668702ec172fa7,fc032db99e903fd80be9b32ab99361650624d4cd,17.06/dind/Dockerfile,17.06/dind/Dockerfile,"# TODO aufs-tools

# set up subuid/subgid so that ""--userns-remap=default"" works out-of-the-box
",2017/09/30 02:02,2017/11/08 23:45,2017/09/30 02:02,2017/11/08 23:45,1,0 days 00:00:00.000000000,ファイル削除,https://github.com/docker-library/docker/commit/168a6d227d021c6d38c3986b7c668702ec172fa7#diff-1bebf75c56631fcc4d9db79e7b14c60e,https://github.com/docker-library/docker/commit/fc032db99e903fd80be9b32ab99361650624d4cd#diff-1bebf75c56631fcc4d9db79e7b14c60e
540,"docker-library
docker",https://github.com/docker-library/docker,1c8b144ed9ec49ac8cc7ca75f8628fd8de6c82b5,cf3d3343f291146f9b79ccafa725a9bb28257ea0,1.10/dind/Dockerfile,17.12/dind/Dockerfile,"# TODO aufs-tools

# set up subuid/subgid so that ""--userns-remap=default"" works out-of-the-box
",2016/07/01 02:09,2018/05/11 01:18,2015/08/07 04:54,2018/05/11 01:18,1,328 days 21:15:00.000000000,ファイル削除,https://github.com/docker-library/docker/commit/1c8b144ed9ec49ac8cc7ca75f8628fd8de6c82b5#diff-de31e20456071194fb1348f5001aab7b,https://github.com/docker-library/docker/commit/cf3d3343f291146f9b79ccafa725a9bb28257ea0#diff-0f3f6ef0f5d3aecfce8aee8bd4aaba02
541,"docker-library
docker",https://github.com/docker-library/docker,bc5d62520258cacb230485ee96754f9f9aa117c4,cf3d3343f291146f9b79ccafa725a9bb28257ea0,17.12/dind/Dockerfile,17.12/dind/Dockerfile,"# https://github.com/docker/docker/tree/master/hack/dind
",2018/05/09 03:09,2018/05/11 01:18,2015/08/07 04:54,2018/05/11 01:18,1,1005 days 22:15:00.000000000,ファイル削除,https://github.com/docker-library/docker/commit/bc5d62520258cacb230485ee96754f9f9aa117c4#diff-0f3f6ef0f5d3aecfce8aee8bd4aaba02,https://github.com/docker-library/docker/commit/cf3d3343f291146f9b79ccafa725a9bb28257ea0#diff-0f3f6ef0f5d3aecfce8aee8bd4aaba02
542,"docker-library
docker",https://github.com/docker-library/docker,84fbcfc4cbef254dce2e7ecd7fcff788da4690df,8f4d3d5ad30e80da03c7913772039cba42c138d3,18.06-rc/dind/Dockerfile,18.06-rc/dind/Dockerfile,"# TODO aufs-tools

# set up subuid/subgid so that ""--userns-remap=default"" works out-of-the-box
",2018/07/03 02:02,2018/08/23 01:26,2018/07/03 02:02,2018/08/23 01:26,1,0 days 00:00:00.000000000,ファイル削除,https://github.com/docker-library/docker/commit/84fbcfc4cbef254dce2e7ecd7fcff788da4690df#diff-bb0fca991e55bb25eaad00c385e74a4b,https://github.com/docker-library/docker/commit/8f4d3d5ad30e80da03c7913772039cba42c138d3#diff-bb0fca991e55bb25eaad00c385e74a4b
543,"docker-library
docker",https://github.com/docker-library/docker,84fbcfc4cbef254dce2e7ecd7fcff788da4690df,8f4d3d5ad30e80da03c7913772039cba42c138d3,18.06-rc/dind/Dockerfile,18.06-rc/dind/Dockerfile,"# https://github.com/docker/docker/tree/master/hack/dind
",2018/07/03 02:02,2018/08/23 01:26,2018/07/03 02:02,2018/08/23 01:26,1,0 days 00:00:00.000000000,ファイル削除,https://github.com/docker-library/docker/commit/84fbcfc4cbef254dce2e7ecd7fcff788da4690df#diff-bb0fca991e55bb25eaad00c385e74a4b,https://github.com/docker-library/docker/commit/8f4d3d5ad30e80da03c7913772039cba42c138d3#diff-bb0fca991e55bb25eaad00c385e74a4b
544,"docker-library
docker",https://github.com/docker-library/docker,84fbcfc4cbef254dce2e7ecd7fcff788da4690df,8f4d3d5ad30e80da03c7913772039cba42c138d3,18.06-rc/Dockerfile,18.06-rc/Dockerfile,"# set up nsswitch.conf for Go's ""netgo"" implementation (which Docker explicitly uses)
# - https://github.com/docker/docker-ce/blob/v17.09.0-ce/components/engine/hack/make.sh#L149
# - https://github.com/golang/go/blob/go1.9.1/src/net/conf.go#L194-L275
# - docker run --rm debian:stretch grep '^hosts:' /etc/nsswitch.conf
",2018/07/03 02:02,2018/08/23 01:26,2018/07/03 02:02,2018/08/23 01:26,1,0 days 00:00:00.000000000,ファイル削除,https://github.com/docker-library/docker/commit/84fbcfc4cbef254dce2e7ecd7fcff788da4690df#diff-6df1693aca4cc951739e9a908e4fe868,https://github.com/docker-library/docker/commit/8f4d3d5ad30e80da03c7913772039cba42c138d3#diff-6df1693aca4cc951739e9a908e4fe868
545,"docker-library
docker",https://github.com/docker-library/docker,84fbcfc4cbef254dce2e7ecd7fcff788da4690df,8f4d3d5ad30e80da03c7913772039cba42c138d3,18.06-rc/Dockerfile,18.06-rc/Dockerfile,"# TODO ENV DOCKER_SHA256
# https://github.com/docker/docker-ce/blob/5b073ee2cf564edee5adca05eee574142f7627bb/components/packaging/static/hash_files !!
# (no SHA file artifacts on download.docker.com yet as of 2017-06-07 though)

",2018/07/03 02:02,2018/08/23 01:26,2018/07/03 02:02,2018/08/23 01:26,1,0 days 00:00:00.000000000,ファイル削除,https://github.com/docker-library/docker/commit/84fbcfc4cbef254dce2e7ecd7fcff788da4690df#diff-6df1693aca4cc951739e9a908e4fe868,https://github.com/docker-library/docker/commit/8f4d3d5ad30e80da03c7913772039cba42c138d3#diff-6df1693aca4cc951739e9a908e4fe868
552,"docker-library
docker",https://github.com/docker-library/docker,f522868d85d70569fb3e90bd913efa1c3394a264,5f83f231f9fc12a9a3cd214376c567de664daa2f,17.09-rc/Dockerfile,17.12-rc/Dockerfile,"# set up nsswitch.conf for Go's ""netgo"" implementation (which Docker explicitly uses)
# - https://github.com/docker/docker-ce/blob/v17.09.0-ce/components/engine/hack/make.sh#L149
# - https://github.com/golang/go/blob/go1.9.1/src/net/conf.go#L194-L275
# - docker run --rm debian:stretch grep '^hosts:' /etc/nsswitch.conf
",2017/12/03 23:02,2018/03/01 02:44,2017/12/03 23:02,2018/03/01 02:44,1,0 days 00:00:00.000000000,ファイル削除,https://github.com/docker-library/docker/commit/f522868d85d70569fb3e90bd913efa1c3394a264#diff-c8a931778e56c793c6557b2940b938df,https://github.com/docker-library/docker/commit/5f83f231f9fc12a9a3cd214376c567de664daa2f#diff-09b9a6063c84c783a8b533105cda6ccc
553,"docker-library
docker",https://github.com/docker-library/docker,f522868d85d70569fb3e90bd913efa1c3394a264,5f83f231f9fc12a9a3cd214376c567de664daa2f,17.09-rc/Dockerfile,17.12-rc/Dockerfile,"# TODO ENV DOCKER_SHA256
# https://github.com/docker/docker-ce/blob/5b073ee2cf564edee5adca05eee574142f7627bb/components/packaging/static/hash_files !!
# (no SHA file artifacts on download.docker.com yet as of 2017-06-07 though)

",2017/12/03 23:02,2018/03/01 02:44,2017/12/03 23:02,2018/03/01 02:44,1,0 days 00:00:00.000000000,ファイル削除,https://github.com/docker-library/docker/commit/f522868d85d70569fb3e90bd913efa1c3394a264#diff-c8a931778e56c793c6557b2940b938df,https://github.com/docker-library/docker/commit/5f83f231f9fc12a9a3cd214376c567de664daa2f#diff-09b9a6063c84c783a8b533105cda6ccc
556,"docker-library
docker",https://github.com/docker-library/docker,2f6926c4fb37274b90fae3ba6c3320619a8d0289,64f6d5eba928dd79b9ca1e7e879021a2baf4c705,17.07/windows/windowsservercore/Dockerfile,17.10/windows/windowsservercore/Dockerfile,"# TODO ENV DOCKER_SHA256
# https://github.com/docker/docker-ce/blob/5b073ee2cf564edee5adca05eee574142f7627bb/components/packaging/static/hash_files !!
# (no SHA file artifacts on download.docker.com yet as of 2017-06-07 though)

",2017/10/13 08:46,2017/11/22 02:48,2017/10/13 08:46,2017/11/22 02:48,1,0 days 00:00:00.000000000,ファイル削除,https://github.com/docker-library/docker/commit/2f6926c4fb37274b90fae3ba6c3320619a8d0289#diff-de1e01ef9db0a9ec62cbb4e0e90bc5f3,https://github.com/docker-library/docker/commit/64f6d5eba928dd79b9ca1e7e879021a2baf4c705#diff-25a5ecb8d2189b59a20a2852d85a7a21
557,"docker-library
docker",https://github.com/docker-library/docker,2f6926c4fb37274b90fae3ba6c3320619a8d0289,62a456489acfe7443d426cd502ccf22130d1ccf9,17.10-rc/windows/windowsservercore/Dockerfile,17.10-rc/windows/windowsservercore/Dockerfile,"# TODO ENV DOCKER_SHA256
# https://github.com/docker/docker-ce/blob/5b073ee2cf564edee5adca05eee574142f7627bb/components/packaging/static/hash_files !!
# (no SHA file artifacts on download.docker.com yet as of 2017-06-07 though)

",2017/10/13 08:46,2017/10/19 01:49,2017/10/13 08:46,2017/10/19 01:49,1,0 days 00:00:00.000000000,ファイル削除,https://github.com/docker-library/docker/commit/2f6926c4fb37274b90fae3ba6c3320619a8d0289#diff-7161fc1df6095f6e8aa74060ab93e7cc,https://github.com/docker-library/docker/commit/62a456489acfe7443d426cd502ccf22130d1ccf9#diff-7161fc1df6095f6e8aa74060ab93e7cc
558,"docker-library
docker",https://github.com/docker-library/docker,2f6926c4fb37274b90fae3ba6c3320619a8d0289,b1141312eeb02c7d9fb0815f7cfaf6827d434007,17.09/windows/windowsservercore/Dockerfile,17.09/windows/windowsservercore-1709/Dockerfile,"# TODO ENV DOCKER_SHA256
# https://github.com/docker/docker-ce/blob/5b073ee2cf564edee5adca05eee574142f7627bb/components/packaging/static/hash_files !!
# (no SHA file artifacts on download.docker.com yet as of 2017-06-07 though)

",2017/10/13 08:46,2017/12/09 03:24,2017/10/13 08:46,2017/12/09 03:24,1,0 days 00:00:00.000000000,ファイル削除,https://github.com/docker-library/docker/commit/2f6926c4fb37274b90fae3ba6c3320619a8d0289#diff-39e53ee6e1fbad82af0f5ad9167f2d33,https://github.com/docker-library/docker/commit/b1141312eeb02c7d9fb0815f7cfaf6827d434007#diff-3f50c02c6fc49832bb57af06cde211e7
559,"docker-library
docker",https://github.com/docker-library/docker,2f6926c4fb37274b90fae3ba6c3320619a8d0289,fc032db99e903fd80be9b32ab99361650624d4cd,17.06/windows/windowsservercore/Dockerfile,17.06/windows/windowsservercore/Dockerfile,"# TODO ENV DOCKER_SHA256
# https://github.com/docker/docker-ce/blob/5b073ee2cf564edee5adca05eee574142f7627bb/components/packaging/static/hash_files !!
# (no SHA file artifacts on download.docker.com yet as of 2017-06-07 though)

",2017/10/13 08:46,2017/11/08 23:45,2017/10/13 08:46,2017/11/08 23:45,1,0 days 00:00:00.000000000,ファイル削除,https://github.com/docker-library/docker/commit/2f6926c4fb37274b90fae3ba6c3320619a8d0289#diff-fc665aef6e2d34d44890fd9e66f93d61,https://github.com/docker-library/docker/commit/fc032db99e903fd80be9b32ab99361650624d4cd#diff-fc665aef6e2d34d44890fd9e66f93d61
560,"docker-library
docker",https://github.com/docker-library/docker,ce8784112e81f724c96dae8272dd7367d712f3e9,157869f94ea90e2acb4d0f77045d99079ead821c,17.09-rc/Dockerfile,17.09/Dockerfile,"# TODO ENV DOCKER_SHA256
# https://github.com/docker/docker-ce/blob/5b073ee2cf564edee5adca05eee574142f7627bb/components/packaging/static/hash_files !!
# (no SHA file artifacts on download.docker.com yet as of 2017-06-07 though)

",2017/09/08 01:31,2018/02/09 02:29,2017/09/08 01:31,2018/02/09 02:29,1,0 days 00:00:00.000000000,ファイル削除,https://github.com/docker-library/docker/commit/ce8784112e81f724c96dae8272dd7367d712f3e9#diff-c8a931778e56c793c6557b2940b938df,https://github.com/docker-library/docker/commit/157869f94ea90e2acb4d0f77045d99079ead821c#diff-84b27a41401e7c4091ac85dead11ad8f
561,"docker-library
docker",https://github.com/docker-library/docker,454a0ff9e99d4fde7112b25d64d25f940ab28a99,157869f94ea90e2acb4d0f77045d99079ead821c,17.09/Dockerfile,17.09/Dockerfile,"# set up nsswitch.conf for Go's ""netgo"" implementation (which Docker explicitly uses)
# - https://github.com/docker/docker-ce/blob/v17.09.0-ce/components/engine/hack/make.sh#L149
# - https://github.com/golang/go/blob/go1.9.1/src/net/conf.go#L194-L275
# - docker run --rm debian:stretch grep '^hosts:' /etc/nsswitch.conf
",2017/10/12 06:31,2018/02/09 02:29,2017/09/08 01:31,2018/02/09 02:29,1,34 days 05:00:00.000000000,ファイル削除,https://github.com/docker-library/docker/commit/454a0ff9e99d4fde7112b25d64d25f940ab28a99#diff-84b27a41401e7c4091ac85dead11ad8f,https://github.com/docker-library/docker/commit/157869f94ea90e2acb4d0f77045d99079ead821c#diff-84b27a41401e7c4091ac85dead11ad8f
563,"docker-library
docker",https://github.com/docker-library/docker,8390fd856922deec4ca7bf0004e6e8e81f60c9f2,fc032db99e903fd80be9b32ab99361650624d4cd,17.06-rc/Dockerfile,17.06/Dockerfile,"# TODO ENV DOCKER_SHA256
# https://github.com/docker/docker-ce/blob/5b073ee2cf564edee5adca05eee574142f7627bb/components/packaging/static/hash_files !!
# (no SHA file artifacts on download.docker.com yet as of 2017-06-07 though)

",2017/06/08 08:31,2017/11/08 23:45,2017/05/31 01:53,2017/11/08 23:45,1,8 days 06:38:00.000000000,ファイル削除,https://github.com/docker-library/docker/commit/8390fd856922deec4ca7bf0004e6e8e81f60c9f2#diff-581e64a0e588fc8936bbc5373a448732,https://github.com/docker-library/docker/commit/fc032db99e903fd80be9b32ab99361650624d4cd#diff-1e3e470e2d59f5fd7cbb742d609f8b2d
564,"docker-library
docker",https://github.com/docker-library/docker,454a0ff9e99d4fde7112b25d64d25f940ab28a99,fc032db99e903fd80be9b32ab99361650624d4cd,17.06/Dockerfile,17.06/Dockerfile,"# set up nsswitch.conf for Go's ""netgo"" implementation (which Docker explicitly uses)
# - https://github.com/docker/docker-ce/blob/v17.09.0-ce/components/engine/hack/make.sh#L149
# - https://github.com/golang/go/blob/go1.9.1/src/net/conf.go#L194-L275
# - docker run --rm debian:stretch grep '^hosts:' /etc/nsswitch.conf
",2017/10/12 06:31,2017/11/08 23:45,2017/05/31 01:53,2017/11/08 23:45,1,134 days 04:38:00.000000000,ファイル削除,https://github.com/docker-library/docker/commit/454a0ff9e99d4fde7112b25d64d25f940ab28a99#diff-1e3e470e2d59f5fd7cbb742d609f8b2d,https://github.com/docker-library/docker/commit/fc032db99e903fd80be9b32ab99361650624d4cd#diff-1e3e470e2d59f5fd7cbb742d609f8b2d
565,"docker-library
docker",https://github.com/docker-library/docker,5235be1da9e2347f1efbbc2a6689726cb72569ce,64f6d5eba928dd79b9ca1e7e879021a2baf4c705,17.11-rc/dind/Dockerfile,17.11-rc/dind/Dockerfile,"# TODO aufs-tools

# set up subuid/subgid so that ""--userns-remap=default"" works out-of-the-box
",2017/10/31 23:21,2017/11/22 02:48,2017/10/31 23:21,2017/11/22 02:48,1,0 days 00:00:00.000000000,ファイル削除,https://github.com/docker-library/docker/commit/5235be1da9e2347f1efbbc2a6689726cb72569ce#diff-a12c0908b2beb6798b94c4c15f79afc7,https://github.com/docker-library/docker/commit/64f6d5eba928dd79b9ca1e7e879021a2baf4c705#diff-a12c0908b2beb6798b94c4c15f79afc7
566,"docker-library
docker",https://github.com/docker-library/docker,5235be1da9e2347f1efbbc2a6689726cb72569ce,64f6d5eba928dd79b9ca1e7e879021a2baf4c705,17.11-rc/Dockerfile,17.11-rc/Dockerfile,"# set up nsswitch.conf for Go's ""netgo"" implementation (which Docker explicitly uses)
# - https://github.com/docker/docker-ce/blob/v17.09.0-ce/components/engine/hack/make.sh#L149
# - https://github.com/golang/go/blob/go1.9.1/src/net/conf.go#L194-L275
# - docker run --rm debian:stretch grep '^hosts:' /etc/nsswitch.conf
",2017/10/31 23:21,2017/11/22 02:48,2017/10/31 23:21,2017/11/22 02:48,1,0 days 00:00:00.000000000,ファイル削除,https://github.com/docker-library/docker/commit/5235be1da9e2347f1efbbc2a6689726cb72569ce#diff-4d00e9d332a3dc34f74c75b92fa0cd97,https://github.com/docker-library/docker/commit/64f6d5eba928dd79b9ca1e7e879021a2baf4c705#diff-4d00e9d332a3dc34f74c75b92fa0cd97
567,"docker-library
docker",https://github.com/docker-library/docker,5235be1da9e2347f1efbbc2a6689726cb72569ce,64f6d5eba928dd79b9ca1e7e879021a2baf4c705,17.11-rc/Dockerfile,17.11-rc/Dockerfile,"# TODO ENV DOCKER_SHA256
# https://github.com/docker/docker-ce/blob/5b073ee2cf564edee5adca05eee574142f7627bb/components/packaging/static/hash_files !!
# (no SHA file artifacts on download.docker.com yet as of 2017-06-07 though)

",2017/10/31 23:21,2017/11/22 02:48,2017/10/31 23:21,2017/11/22 02:48,1,0 days 00:00:00.000000000,ファイル削除,https://github.com/docker-library/docker/commit/5235be1da9e2347f1efbbc2a6689726cb72569ce#diff-4d00e9d332a3dc34f74c75b92fa0cd97,https://github.com/docker-library/docker/commit/64f6d5eba928dd79b9ca1e7e879021a2baf4c705#diff-4d00e9d332a3dc34f74c75b92fa0cd97
568,"docker-library
docker",https://github.com/docker-library/docker,5235be1da9e2347f1efbbc2a6689726cb72569ce,85c10e110faeb56a8b7ce51908cf58562195d795,17.11-rc/windows/windowsservercore/Dockerfile,17.11-rc/windows/windowsservercore/Dockerfile,"# TODO ENV DOCKER_SHA256
# https://github.com/docker/docker-ce/blob/5b073ee2cf564edee5adca05eee574142f7627bb/components/packaging/static/hash_files !!
# (no SHA file artifacts on download.docker.com yet as of 2017-06-07 though)

",2017/10/31 23:21,2017/11/17 04:22,2017/10/31 23:21,2017/11/17 04:22,1,0 days 00:00:00.000000000,ファイル削除,https://github.com/docker-library/docker/commit/5235be1da9e2347f1efbbc2a6689726cb72569ce#diff-cdbf375a955e3c86004f3dc4cfc6b9de,https://github.com/docker-library/docker/commit/85c10e110faeb56a8b7ce51908cf58562195d795#diff-cdbf375a955e3c86004f3dc4cfc6b9de
569,"docker-library
docker",https://github.com/docker-library/docker,8ada62f762b30d09fd54664710c0ef3b64038f07,cf3d3343f291146f9b79ccafa725a9bb28257ea0,17.10-rc/Dockerfile,17.12/Dockerfile,"# TODO ENV DOCKER_SHA256
# https://github.com/docker/docker-ce/blob/5b073ee2cf564edee5adca05eee574142f7627bb/components/packaging/static/hash_files !!
# (no SHA file artifacts on download.docker.com yet as of 2017-06-07 though)

",2017/10/06 01:38,2018/05/11 01:18,2017/10/06 01:38,2018/05/11 01:18,1,0 days 00:00:00.000000000,ファイル削除,https://github.com/docker-library/docker/commit/8ada62f762b30d09fd54664710c0ef3b64038f07#diff-71a2dee4f3a6b97625c97cc43643ba4a,https://github.com/docker-library/docker/commit/cf3d3343f291146f9b79ccafa725a9bb28257ea0#diff-8a89ab29561239d8c1c714905eb39dae
570,"docker-library
docker",https://github.com/docker-library/docker,454a0ff9e99d4fde7112b25d64d25f940ab28a99,cf3d3343f291146f9b79ccafa725a9bb28257ea0,17.10-rc/Dockerfile,17.12/Dockerfile,"# set up nsswitch.conf for Go's ""netgo"" implementation (which Docker explicitly uses)
# - https://github.com/docker/docker-ce/blob/v17.09.0-ce/components/engine/hack/make.sh#L149
# - https://github.com/golang/go/blob/go1.9.1/src/net/conf.go#L194-L275
# - docker run --rm debian:stretch grep '^hosts:' /etc/nsswitch.conf
",2017/10/12 06:31,2018/05/11 01:18,2017/10/06 01:38,2018/05/11 01:18,1,6 days 04:53:00.000000000,ファイル削除,https://github.com/docker-library/docker/commit/454a0ff9e99d4fde7112b25d64d25f940ab28a99#diff-71a2dee4f3a6b97625c97cc43643ba4a,https://github.com/docker-library/docker/commit/cf3d3343f291146f9b79ccafa725a9bb28257ea0#diff-8a89ab29561239d8c1c714905eb39dae
571,"docker-library
docker",https://github.com/docker-library/docker,5d58870994d0ba33a5228af06876fe2026752924,cf3d3343f291146f9b79ccafa725a9bb28257ea0,18.03-rc/dind/Dockerfile,18.05-rc/dind/Dockerfile,"# TODO aufs-tools

# set up subuid/subgid so that ""--userns-remap=default"" works out-of-the-box
",2018/02/23 03:05,2018/05/11 01:18,2018/02/23 03:05,2018/05/11 01:18,1,0 days 00:00:00.000000000,ファイル削除,https://github.com/docker-library/docker/commit/5d58870994d0ba33a5228af06876fe2026752924#diff-01b49b465933256f3c6d14f1b82e3364,https://github.com/docker-library/docker/commit/cf3d3343f291146f9b79ccafa725a9bb28257ea0#diff-3e847777fc6f5893e2b1ba864eda506a
572,"docker-library
docker",https://github.com/docker-library/docker,bc5d62520258cacb230485ee96754f9f9aa117c4,cf3d3343f291146f9b79ccafa725a9bb28257ea0,18.05-rc/dind/Dockerfile,18.05-rc/dind/Dockerfile,"# https://github.com/docker/docker/tree/master/hack/dind
",2018/05/09 03:09,2018/05/11 01:18,2018/02/23 03:05,2018/05/11 01:18,1,75 days 00:04:00.000000000,ファイル削除,https://github.com/docker-library/docker/commit/bc5d62520258cacb230485ee96754f9f9aa117c4#diff-3e847777fc6f5893e2b1ba864eda506a,https://github.com/docker-library/docker/commit/cf3d3343f291146f9b79ccafa725a9bb28257ea0#diff-3e847777fc6f5893e2b1ba864eda506a
573,"docker-library
docker",https://github.com/docker-library/docker,045fbbc0ac44b1db42ef8b499f2bef1db8dcfe61,d31c2d38a7ef9b58c34d35d64f168f9d5cd6a696,18.04-rc/dind/Dockerfile,18.06/dind/Dockerfile,"# TODO aufs-tools

# set up subuid/subgid so that ""--userns-remap=default"" works out-of-the-box
",2018/04/04 02:45,2019/06/15 06:03,2018/04/04 02:45,2019/06/15 06:03,1,0 days 00:00:00.000000000,ファイル削除,https://github.com/docker-library/docker/commit/045fbbc0ac44b1db42ef8b499f2bef1db8dcfe61#diff-693dabf0b588b51b5f74a01e3b6b4732,https://github.com/docker-library/docker/commit/d31c2d38a7ef9b58c34d35d64f168f9d5cd6a696#diff-9a62accb8aa5afa1df646733e6ebb275
574,"docker-library
docker",https://github.com/docker-library/docker,bc5d62520258cacb230485ee96754f9f9aa117c4,d31c2d38a7ef9b58c34d35d64f168f9d5cd6a696,18.04/dind/Dockerfile,18.06/dind/Dockerfile,"# https://github.com/docker/docker/tree/master/hack/dind
",2018/05/09 03:09,2019/06/15 06:03,2018/04/04 02:45,2019/06/15 06:03,1,35 days 00:24:00.000000000,ファイル削除,https://github.com/docker-library/docker/commit/bc5d62520258cacb230485ee96754f9f9aa117c4#diff-e898e03b7f8c1354b7c3d2b7a76f02b8,https://github.com/docker-library/docker/commit/d31c2d38a7ef9b58c34d35d64f168f9d5cd6a696#diff-9a62accb8aa5afa1df646733e6ebb275
575,"docker-library
docker",https://github.com/docker-library/docker,737f83092a47b012d09a0cbf0ed72759550301cb,765f60eed4036b5c06f0e33967443f80b5251e09,1.13-rc/experimental/dind/Dockerfile,1.13-rc/experimental/dind/Dockerfile,"# TODO aufs-tools

# set up subuid/subgid so that ""--userns-remap=default"" works out-of-the-box
",2016/11/12 10:36,2016/11/13 01:13,2016/11/12 10:36,2016/11/13 01:13,1,0 days 00:00:00.000000000,ファイル削除,https://github.com/docker-library/docker/commit/737f83092a47b012d09a0cbf0ed72759550301cb#diff-7cee5f311319defdcb6f56dcb1e2272f,https://github.com/docker-library/docker/commit/765f60eed4036b5c06f0e33967443f80b5251e09#diff-7cee5f311319defdcb6f56dcb1e2272f
576,"docker-library
docker",https://github.com/docker-library/docker,737f83092a47b012d09a0cbf0ed72759550301cb,b202ec7e529f5426e2ad7e8c0a8b82cacd406573,1.13-rc/dind/Dockerfile,1.13-rc/dind/Dockerfile,"# TODO aufs-tools

# set up subuid/subgid so that ""--userns-remap=default"" works out-of-the-box
",2016/11/12 10:36,2017/01/19 03:43,2016/11/12 10:36,2017/01/19 03:43,1,0 days 00:00:00.000000000,ファイル削除,https://github.com/docker-library/docker/commit/737f83092a47b012d09a0cbf0ed72759550301cb#diff-100e08ac622c9d29be0e963b0a897560,https://github.com/docker-library/docker/commit/b202ec7e529f5426e2ad7e8c0a8b82cacd406573#diff-100e08ac622c9d29be0e963b0a897560
577,"docker-library
docker",https://github.com/docker-library/docker,f1341e1e9a099073463b1e8192c45435ce3e6760,10835a2d936bb711d451de63b27c780a9f9a84e3,1.2/dind/Dockerfile,1.2/dind/Dockerfile,"# TODO aufs-tools

",2015/08/07 04:56,2015/08/22 12:24,2015/08/07 04:56,2015/08/22 12:24,1,0 days 00:00:00.000000000,ファイル削除,https://github.com/docker-library/docker/commit/f1341e1e9a099073463b1e8192c45435ce3e6760#diff-093f7287328f2dc1b3878d2b6c3a46d5,https://github.com/docker-library/docker/commit/10835a2d936bb711d451de63b27c780a9f9a84e3#diff-093f7287328f2dc1b3878d2b6c3a46d5
578,"docker-library
docker",https://github.com/docker-library/docker,f1341e1e9a099073463b1e8192c45435ce3e6760,10835a2d936bb711d451de63b27c780a9f9a84e3,1.5/dind/Dockerfile,1.5/dind/Dockerfile,"# TODO aufs-tools

",2015/08/07 04:56,2015/08/22 12:24,2015/08/07 04:56,2015/08/22 12:24,1,0 days 00:00:00.000000000,ファイル削除,https://github.com/docker-library/docker/commit/f1341e1e9a099073463b1e8192c45435ce3e6760#diff-525c45fc0505cce524bf6a966fd8dabf,https://github.com/docker-library/docker/commit/10835a2d936bb711d451de63b27c780a9f9a84e3#diff-525c45fc0505cce524bf6a966fd8dabf
579,"docker-library
docker",https://github.com/docker-library/docker,f1341e1e9a099073463b1e8192c45435ce3e6760,10835a2d936bb711d451de63b27c780a9f9a84e3,1.1/dind/Dockerfile,1.1/dind/Dockerfile,"# TODO aufs-tools

",2015/08/07 04:56,2015/08/22 12:24,2015/08/07 04:56,2015/08/22 12:24,1,0 days 00:00:00.000000000,ファイル削除,https://github.com/docker-library/docker/commit/f1341e1e9a099073463b1e8192c45435ce3e6760#diff-5bf392c692407a911237aea4be49bec0,https://github.com/docker-library/docker/commit/10835a2d936bb711d451de63b27c780a9f9a84e3#diff-5bf392c692407a911237aea4be49bec0
580,"docker-library
docker",https://github.com/docker-library/docker,f1341e1e9a099073463b1e8192c45435ce3e6760,10835a2d936bb711d451de63b27c780a9f9a84e3,1.3/dind/Dockerfile,1.3/dind/Dockerfile,"# TODO aufs-tools

",2015/08/07 04:56,2015/08/22 12:24,2015/08/07 04:56,2015/08/22 12:24,1,0 days 00:00:00.000000000,ファイル削除,https://github.com/docker-library/docker/commit/f1341e1e9a099073463b1e8192c45435ce3e6760#diff-74d79e11106349364444a9c73e231d80,https://github.com/docker-library/docker/commit/10835a2d936bb711d451de63b27c780a9f9a84e3#diff-74d79e11106349364444a9c73e231d80
581,"docker-library
docker",https://github.com/docker-library/docker,f1341e1e9a099073463b1e8192c45435ce3e6760,10835a2d936bb711d451de63b27c780a9f9a84e3,1.0/dind/Dockerfile,1.0/dind/Dockerfile,"# TODO aufs-tools

",2015/08/07 04:56,2015/08/22 12:24,2015/08/07 04:56,2015/08/22 12:24,1,0 days 00:00:00.000000000,ファイル削除,https://github.com/docker-library/docker/commit/f1341e1e9a099073463b1e8192c45435ce3e6760#diff-8f60a183692819c0bb1a3334a5a37981,https://github.com/docker-library/docker/commit/10835a2d936bb711d451de63b27c780a9f9a84e3#diff-8f60a183692819c0bb1a3334a5a37981
582,"docker-library
docker",https://github.com/docker-library/docker,f1341e1e9a099073463b1e8192c45435ce3e6760,10835a2d936bb711d451de63b27c780a9f9a84e3,1.4/dind/Dockerfile,1.4/dind/Dockerfile,"# TODO aufs-tools

",2015/08/07 04:56,2015/08/22 12:24,2015/08/07 04:56,2015/08/22 12:24,1,0 days 00:00:00.000000000,ファイル削除,https://github.com/docker-library/docker/commit/f1341e1e9a099073463b1e8192c45435ce3e6760#diff-b673a1947817e95c6c7ef5965785bab6,https://github.com/docker-library/docker/commit/10835a2d936bb711d451de63b27c780a9f9a84e3#diff-b673a1947817e95c6c7ef5965785bab6
585,"docker-library
docker",https://github.com/docker-library/docker,2aa6d388f205fc20ad22402bfed4ece715c7cb48,b1141312eeb02c7d9fb0815f7cfaf6827d434007,17.09/windows/windowsservercore-ltsc2016/Dockerfile,17.09/windows/windowsservercore-ltsc2016/Dockerfile,"# TODO ENV DOCKER_SHA256
# https://github.com/docker/docker-ce/blob/5b073ee2cf564edee5adca05eee574142f7627bb/components/packaging/static/hash_files !!
# (no SHA file artifacts on download.docker.com yet as of 2017-06-07 though)

",2017/11/23 08:09,2017/12/09 03:24,2017/11/23 08:09,2017/12/09 03:24,1,0 days 00:00:00.000000000,ファイル削除,https://github.com/docker-library/docker/commit/2aa6d388f205fc20ad22402bfed4ece715c7cb48#diff-e371d8a058c13fbc7547a01466e249d8,https://github.com/docker-library/docker/commit/b1141312eeb02c7d9fb0815f7cfaf6827d434007#diff-e371d8a058c13fbc7547a01466e249d8
589,"docker-library
docker",https://github.com/docker-library/docker,8390fd856922deec4ca7bf0004e6e8e81f60c9f2,62a456489acfe7443d426cd502ccf22130d1ccf9,17.03/Dockerfile,17.07/Dockerfile,"# TODO ENV DOCKER_SHA256
# https://github.com/docker/docker-ce/blob/5b073ee2cf564edee5adca05eee574142f7627bb/components/packaging/static/hash_files !!
# (no SHA file artifacts on download.docker.com yet as of 2017-06-07 though)

",2017/06/08 08:31,2017/10/19 01:49,2016/06/17 03:03,2017/10/19 01:49,1,356 days 05:28:00.000000000,ファイル削除,https://github.com/docker-library/docker/commit/8390fd856922deec4ca7bf0004e6e8e81f60c9f2#diff-0c8fa605eaa665ed3a0e29c92be00d3a,https://github.com/docker-library/docker/commit/62a456489acfe7443d426cd502ccf22130d1ccf9#diff-2cd176cb6e420840ca4cf424fb153dda
590,"docker-library
docker",https://github.com/docker-library/docker,454a0ff9e99d4fde7112b25d64d25f940ab28a99,62a456489acfe7443d426cd502ccf22130d1ccf9,17.07/Dockerfile,17.07/Dockerfile,"# set up nsswitch.conf for Go's ""netgo"" implementation (which Docker explicitly uses)
# - https://github.com/docker/docker-ce/blob/v17.09.0-ce/components/engine/hack/make.sh#L149
# - https://github.com/golang/go/blob/go1.9.1/src/net/conf.go#L194-L275
# - docker run --rm debian:stretch grep '^hosts:' /etc/nsswitch.conf
",2017/10/12 06:31,2017/10/19 01:49,2016/06/17 03:03,2017/10/19 01:49,1,482 days 03:28:00.000000000,ファイル削除,https://github.com/docker-library/docker/commit/454a0ff9e99d4fde7112b25d64d25f940ab28a99#diff-2cd176cb6e420840ca4cf424fb153dda,https://github.com/docker-library/docker/commit/62a456489acfe7443d426cd502ccf22130d1ccf9#diff-2cd176cb6e420840ca4cf424fb153dda
592,"docker-library
docker",https://github.com/docker-library/docker,1c8b144ed9ec49ac8cc7ca75f8628fd8de6c82b5,a7fc73eef011c47cc2518149bc77a4b9bc7f9f41,1.12-rc/dind/Dockerfile,1.12-rc/dind/Dockerfile,"# TODO aufs-tools

# set up subuid/subgid so that ""--userns-remap=default"" works out-of-the-box
",2016/07/01 02:09,2016/10/12 08:54,2016/06/17 03:03,2016/10/12 08:54,1,13 days 23:06:00.000000000,ファイル削除,https://github.com/docker-library/docker/commit/1c8b144ed9ec49ac8cc7ca75f8628fd8de6c82b5#diff-c97c278fa73458172b491e3bcc99162d,https://github.com/docker-library/docker/commit/a7fc73eef011c47cc2518149bc77a4b9bc7f9f41#diff-c97c278fa73458172b491e3bcc99162d
593,"docker-library
docker",https://github.com/docker-library/docker,f60aacc67bcba2d5b45c28665742a60b99d24466,b33b5bffb560d4e4148506860d7c6b393315e339,17.06-rc/Dockerfile,17.06-rc/Dockerfile,"# TODO ENV DOCKER_SHA256
# https://github.com/docker/docker-ce/blob/5b073ee2cf564edee5adca05eee574142f7627bb/components/packaging/static/hash_files !!
# (no SHA file artifacts on download.docker.com yet as of 2017-06-07 though)

",2017/07/15 04:39,2017/09/06 08:56,2017/07/15 04:39,2017/09/06 08:56,1,0 days 00:00:00.000000000,ファイル削除,https://github.com/docker-library/docker/commit/f60aacc67bcba2d5b45c28665742a60b99d24466#diff-581e64a0e588fc8936bbc5373a448732,https://github.com/docker-library/docker/commit/b33b5bffb560d4e4148506860d7c6b393315e339#diff-581e64a0e588fc8936bbc5373a448732
594,"docker-library
docker",https://github.com/docker-library/docker,e7e2e3119360567641d334f1d274952236632357,b33b5bffb560d4e4148506860d7c6b393315e339,17.06-rc/dind/Dockerfile,17.06-rc/dind/Dockerfile,"# TODO aufs-tools

# set up subuid/subgid so that ""--userns-remap=default"" works out-of-the-box
",2017/05/31 01:53,2017/09/06 08:56,2017/05/31 01:53,2017/09/06 08:56,1,0 days 00:00:00.000000000,ファイル削除,https://github.com/docker-library/docker/commit/e7e2e3119360567641d334f1d274952236632357#diff-e0933f2a5913878b31e3e34bb58f1333,https://github.com/docker-library/docker/commit/b33b5bffb560d4e4148506860d7c6b393315e339#diff-e0933f2a5913878b31e3e34bb58f1333
595,"docker-library
docker",https://github.com/docker-library/docker,20e81e7474e54f9edbb33c931e4731ef6c5b8335,e33e7226872e53dfa88bee09f153704a66fc103d,1.9-rc/dind/Dockerfile,1.9-rc/dind/Dockerfile,"# TODO aufs-tools

",2015/10/14 23:05,2015/11/21 04:15,2015/10/14 23:05,2015/11/21 04:15,1,0 days 00:00:00.000000000,ファイル削除,https://github.com/docker-library/docker/commit/20e81e7474e54f9edbb33c931e4731ef6c5b8335#diff-e57c53961ca30048a739b897c2dab541,https://github.com/docker-library/docker/commit/e33e7226872e53dfa88bee09f153704a66fc103d#diff-e57c53961ca30048a739b897c2dab541
600,"docker-library
docker",https://github.com/docker-library/docker,5d58870994d0ba33a5228af06876fe2026752924,cf3d3343f291146f9b79ccafa725a9bb28257ea0,18.03-rc/Dockerfile,18.05-rc/Dockerfile,"# set up nsswitch.conf for Go's ""netgo"" implementation (which Docker explicitly uses)
# - https://github.com/docker/docker-ce/blob/v17.09.0-ce/components/engine/hack/make.sh#L149
# - https://github.com/golang/go/blob/go1.9.1/src/net/conf.go#L194-L275
# - docker run --rm debian:stretch grep '^hosts:' /etc/nsswitch.conf
",2018/02/23 03:05,2018/05/11 01:18,2018/02/23 03:05,2018/05/11 01:18,1,0 days 00:00:00.000000000,ファイル削除,https://github.com/docker-library/docker/commit/5d58870994d0ba33a5228af06876fe2026752924#diff-95cc1fac24a7de172859336dcbb3c07f,https://github.com/docker-library/docker/commit/cf3d3343f291146f9b79ccafa725a9bb28257ea0#diff-7f1f821776e22359f23e61a3c6814701
601,"docker-library
docker",https://github.com/docker-library/docker,5d58870994d0ba33a5228af06876fe2026752924,cf3d3343f291146f9b79ccafa725a9bb28257ea0,18.03-rc/Dockerfile,18.05-rc/Dockerfile,"# TODO ENV DOCKER_SHA256
# https://github.com/docker/docker-ce/blob/5b073ee2cf564edee5adca05eee574142f7627bb/components/packaging/static/hash_files !!
# (no SHA file artifacts on download.docker.com yet as of 2017-06-07 though)

",2018/02/23 03:05,2018/05/11 01:18,2018/02/23 03:05,2018/05/11 01:18,1,0 days 00:00:00.000000000,ファイル削除,https://github.com/docker-library/docker/commit/5d58870994d0ba33a5228af06876fe2026752924#diff-95cc1fac24a7de172859336dcbb3c07f,https://github.com/docker-library/docker/commit/cf3d3343f291146f9b79ccafa725a9bb28257ea0#diff-7f1f821776e22359f23e61a3c6814701
602,"docker-library
docker",https://github.com/docker-library/docker,8de8842b2fffc6bb43609c133b54207ffb7b4ce2,d31c2d38a7ef9b58c34d35d64f168f9d5cd6a696,18.01-rc/Dockerfile,18.06/Dockerfile,"# TODO ENV DOCKER_SHA256
# https://github.com/docker/docker-ce/blob/5b073ee2cf564edee5adca05eee574142f7627bb/components/packaging/static/hash_files !!
# (no SHA file artifacts on download.docker.com yet as of 2017-06-07 though)

",2018/01/05 04:48,2019/06/15 06:03,2018/01/05 04:48,2019/06/15 06:03,1,0 days 00:00:00.000000000,ファイル削除,https://github.com/docker-library/docker/commit/8de8842b2fffc6bb43609c133b54207ffb7b4ce2#diff-63c3ac244154f3d6f5255c26ea6ea26c,https://github.com/docker-library/docker/commit/d31c2d38a7ef9b58c34d35d64f168f9d5cd6a696#diff-013c2304fff8cea1687d09c709770902
603,"docker-library
docker",https://github.com/docker-library/docker,8de8842b2fffc6bb43609c133b54207ffb7b4ce2,d31c2d38a7ef9b58c34d35d64f168f9d5cd6a696,18.01-rc/Dockerfile,18.06/Dockerfile,"# set up nsswitch.conf for Go's ""netgo"" implementation (which Docker explicitly uses)
# - https://github.com/docker/docker-ce/blob/v17.09.0-ce/components/engine/hack/make.sh#L149
# - https://github.com/golang/go/blob/go1.9.1/src/net/conf.go#L194-L275
# - docker run --rm debian:stretch grep '^hosts:' /etc/nsswitch.conf
",2018/01/05 04:48,2019/06/15 06:03,2018/01/05 04:48,2019/06/15 06:03,1,0 days 00:00:00.000000000,ファイル削除,https://github.com/docker-library/docker/commit/8de8842b2fffc6bb43609c133b54207ffb7b4ce2#diff-63c3ac244154f3d6f5255c26ea6ea26c,https://github.com/docker-library/docker/commit/d31c2d38a7ef9b58c34d35d64f168f9d5cd6a696#diff-013c2304fff8cea1687d09c709770902
607,"docker-library
docker",https://github.com/docker-library/docker,f522868d85d70569fb3e90bd913efa1c3394a264,17ecaa0f10ab0882e808239ef8d7ee930c06eaf0,17.09-rc/windows/windowsservercore-1709/Dockerfile,17.09-rc/windows/windowsservercore-1709/Dockerfile,"# TODO ENV DOCKER_SHA256
# https://github.com/docker/docker-ce/blob/5b073ee2cf564edee5adca05eee574142f7627bb/components/packaging/static/hash_files !!
# (no SHA file artifacts on download.docker.com yet as of 2017-06-07 though)

",2017/12/03 23:02,2017/12/05 09:35,2017/12/03 23:02,2017/12/05 09:35,1,0 days 00:00:00.000000000,ファイル削除,https://github.com/docker-library/docker/commit/f522868d85d70569fb3e90bd913efa1c3394a264#diff-80c5a365272c1f320c50698b842fcebe,https://github.com/docker-library/docker/commit/17ecaa0f10ab0882e808239ef8d7ee930c06eaf0#diff-80c5a365272c1f320c50698b842fcebe
608,"docker-library
docker",https://github.com/docker-library/docker,f522868d85d70569fb3e90bd913efa1c3394a264,17ecaa0f10ab0882e808239ef8d7ee930c06eaf0,17.09-rc/windows/windowsservercore-ltsc2016/Dockerfile,17.09-rc/windows/windowsservercore-ltsc2016/Dockerfile,"# TODO ENV DOCKER_SHA256
# https://github.com/docker/docker-ce/blob/5b073ee2cf564edee5adca05eee574142f7627bb/components/packaging/static/hash_files !!
# (no SHA file artifacts on download.docker.com yet as of 2017-06-07 though)

",2017/12/03 23:02,2017/12/05 09:35,2017/12/03 23:02,2017/12/05 09:35,1,0 days 00:00:00.000000000,ファイル削除,https://github.com/docker-library/docker/commit/f522868d85d70569fb3e90bd913efa1c3394a264#diff-095bf0c22658aa7e94d62d909dbf7f8d,https://github.com/docker-library/docker/commit/17ecaa0f10ab0882e808239ef8d7ee930c06eaf0#diff-095bf0c22658aa7e94d62d909dbf7f8d
609,"docker-library
docker",https://github.com/docker-library/docker,ce8784112e81f724c96dae8272dd7367d712f3e9,5f83f231f9fc12a9a3cd214376c567de664daa2f,17.09-rc/dind/Dockerfile,17.12-rc/dind/Dockerfile,"# TODO aufs-tools

# set up subuid/subgid so that ""--userns-remap=default"" works out-of-the-box
",2017/09/08 01:31,2018/03/01 02:44,2017/09/08 01:31,2018/03/01 02:44,1,0 days 00:00:00.000000000,ファイル削除,https://github.com/docker-library/docker/commit/ce8784112e81f724c96dae8272dd7367d712f3e9#diff-63023b7de966eb4bd80e265782b4828f,https://github.com/docker-library/docker/commit/5f83f231f9fc12a9a3cd214376c567de664daa2f#diff-085c6def34464256ef08b1a45739d60f
612,"docker-library
docker",https://github.com/docker-library/docker,b4404c1aadf1a09b5216b27fb35499bdcfd4d77a,866c3fbd87e8eeed524fdf19ba2d63288ad49cd2,1.11-rc/dind/Dockerfile,1.11-rc/dind/Dockerfile,"# TODO aufs-tools

",2016/03/31 06:43,2016/04/14 05:33,2016/03/31 06:43,2016/04/14 05:33,1,0 days 00:00:00.000000000,ファイル削除,https://github.com/docker-library/docker/commit/b4404c1aadf1a09b5216b27fb35499bdcfd4d77a#diff-f092de21a04f516aaf1e8af6f6153067,https://github.com/docker-library/docker/commit/866c3fbd87e8eeed524fdf19ba2d63288ad49cd2#diff-f092de21a04f516aaf1e8af6f6153067
614,"docker-library
docker",https://github.com/docker-library/docker,a98e0c42a96497670c36f4b2dcad2bcc81f18f35,10835a2d936bb711d451de63b27c780a9f9a84e3,1.6/dind/Dockerfile,1.6/dind/Dockerfile,"# TODO aufs-tools

",2015/08/07 04:54,2015/08/22 12:24,2015/08/07 04:54,2015/08/22 12:24,1,0 days 00:00:00.000000000,ファイル削除,https://github.com/docker-library/docker/commit/a98e0c42a96497670c36f4b2dcad2bcc81f18f35#diff-abdf5b28367e945d3f25ba341cbd0928,https://github.com/docker-library/docker/commit/10835a2d936bb711d451de63b27c780a9f9a84e3#diff-abdf5b28367e945d3f25ba341cbd0928
616,"docker-library
docker",https://github.com/docker-library/docker,dba6c6279614ac0a7e520f0b7f7c027250488a4f,a7fc73eef011c47cc2518149bc77a4b9bc7f9f41,1.12-rc/experimental/dind/Dockerfile,1.12-rc/experimental/dind/Dockerfile,"# TODO aufs-tools

# set up subuid/subgid so that ""--userns-remap=default"" works out-of-the-box
",2016/09/29 05:18,2016/10/12 08:54,2016/09/29 05:18,2016/10/12 08:54,1,0 days 00:00:00.000000000,ファイル削除,https://github.com/docker-library/docker/commit/dba6c6279614ac0a7e520f0b7f7c027250488a4f#diff-caca250f2f44ac97198131d14e54a512,https://github.com/docker-library/docker/commit/a7fc73eef011c47cc2518149bc77a4b9bc7f9f41#diff-caca250f2f44ac97198131d14e54a512
617,"docker-library
docker",https://github.com/docker-library/docker,8de8842b2fffc6bb43609c133b54207ffb7b4ce2,157869f94ea90e2acb4d0f77045d99079ead821c,18.01-rc/dind/Dockerfile,18.01/dind/Dockerfile,"# TODO aufs-tools

# set up subuid/subgid so that ""--userns-remap=default"" works out-of-the-box
",2018/01/05 04:48,2018/02/09 02:29,2018/01/05 04:48,2018/02/09 02:29,1,0 days 00:00:00.000000000,ファイル削除,https://github.com/docker-library/docker/commit/8de8842b2fffc6bb43609c133b54207ffb7b4ce2#diff-d9072a71be4f86e899f4c15adb6304c9,https://github.com/docker-library/docker/commit/157869f94ea90e2acb4d0f77045d99079ead821c#diff-984ac7dea33c6c1d581af59087414056
618,"docker-library
docker",https://github.com/docker-library/docker,5c4db83ebdc26e4303fc3a6adf916367d440eea2,bb15fc25bbd4f51a880cf02f91eab447b1083b75,1.8-rc/dind/Dockerfile,1.8-rc/dind/Dockerfile,"# TODO aufs-tools

",2015/09/04 06:10,2015/09/11 04:56,2015/09/04 06:10,2015/09/11 04:56,1,0 days 00:00:00.000000000,ファイル削除,https://github.com/docker-library/docker/commit/5c4db83ebdc26e4303fc3a6adf916367d440eea2#diff-81c78e36c891d7174085daf23d6e6fec,https://github.com/docker-library/docker/commit/bb15fc25bbd4f51a880cf02f91eab447b1083b75#diff-81c78e36c891d7174085daf23d6e6fec
619,"docker-library
docker",https://github.com/docker-library/docker,8ada62f762b30d09fd54664710c0ef3b64038f07,62a456489acfe7443d426cd502ccf22130d1ccf9,17.10-rc/dind/Dockerfile,17.10-rc/dind/Dockerfile,"# TODO aufs-tools

# set up subuid/subgid so that ""--userns-remap=default"" works out-of-the-box
",2017/10/06 01:38,2017/10/19 01:49,2017/10/06 01:38,2017/10/19 01:49,1,0 days 00:00:00.000000000,ファイル削除,https://github.com/docker-library/docker/commit/8ada62f762b30d09fd54664710c0ef3b64038f07#diff-8e9f356b42038bead5c303e198b4b0bc,https://github.com/docker-library/docker/commit/62a456489acfe7443d426cd502ccf22130d1ccf9#diff-8e9f356b42038bead5c303e198b4b0bc
621,"docker-library
docker",https://github.com/docker-library/docker,945f73423dd843ee587567712b6657d5780307da,8d8a46bbe4c018a262df473d844d548689787d6e,1.10-rc/dind/Dockerfile,1.10-rc/dind/Dockerfile,"# TODO aufs-tools

",2016/01/16 06:50,2016/02/23 09:28,2016/01/16 06:50,2016/02/23 09:28,1,0 days 00:00:00.000000000,ファイル削除,https://github.com/docker-library/docker/commit/945f73423dd843ee587567712b6657d5780307da#diff-b3819ace805de4cf2fbe904b3f634b7a,https://github.com/docker-library/docker/commit/8d8a46bbe4c018a262df473d844d548689787d6e#diff-b3819ace805de4cf2fbe904b3f634b7a
